Regions Code,Regions,Highest level of qualification (7 categories) Code,Highest level of qualification (7 categories),Length of residence in the UK (6 categories) Code,Length of residence in the UK (6 categories),Observation,Cat,,,,,,,
E12000004,East Midlands,-8,Does not apply,1,Born in the UK,828072,Uk-Born,,,,,,,
E12000006,East of England,-8,Does not apply,1,Born in the UK,1116114,Uk-Born,,,,,,,
E12000007,London,-8,Does not apply,1,Born in the UK,1501042,Uk-Born,,,,,,,
E12000001,North East,-8,Does not apply,1,Born in the UK,450899,Uk-Born,,,,,,,
E12000002,North West,-8,Does not apply,1,Born in the UK,1305325,Uk-Born,,,,,,,
E12000008,South East,-8,Does not apply,1,Born in the UK,1616490,Uk-Born,,,,,,,
E12000009,South West,-8,Does not apply,1,Born in the UK,920191,Uk-Born,,,,,,,
W92000004,Wales,-8,Does not apply,1,Born in the UK,530621,Uk-Born,,,,,,,
E12000005,West Midlands,-8,Does not apply,1,Born in the UK,1072614,Uk-Born,,,,,,,
E12000003,Yorkshire and The Humber,-8,Does not apply,1,Born in the UK,967149,Uk-Born,,,,,,,
E12000004,East Midlands,-8,Does not apply,2,10 years or more,6914,Immigrant,,,,,,,
E12000006,East of England,-8,Does not apply,2,10 years or more,10034,Immigrant,,,,,,,
E12000007,London,-8,Does not apply,2,10 years or more,25399,Immigrant,,,,,,,
E12000001,North East,-8,Does not apply,2,10 years or more,2119,Immigrant,,,,,,,
E12000002,North West,-8,Does not apply,2,10 years or more,9271,Immigrant,,,,,,,
E12000008,South East,-8,Does not apply,2,10 years or more,16265,Immigrant,,,,,,,
E12000009,South West,-8,Does not apply,2,10 years or more,6799,Immigrant,,,,,,,
W92000004,Wales,-8,Does not apply,2,10 years or more,2633,Immigrant,,,,,,,
E12000005,West Midlands,-8,Does not apply,2,10 years or more,8546,Immigrant,,,,,,,
E12000003,Yorkshire and The Humber,-8,Does not apply,2,10 years or more,7150,Immigrant,,,,,,,
E12000004,East Midlands,-8,Does not apply,3,"5 years or more, but less than 10 years",17588,Immigrant,,,,,,,
E12000006,East of England,-8,Does not apply,3,"5 years or more, but less than 10 years",22208,Immigrant,,,,,,,
E12000007,London,-8,Does not apply,3,"5 years or more, but less than 10 years",60048,Immigrant,,,,,,,
E12000001,North East,-8,Does not apply,3,"5 years or more, but less than 10 years",4942,Immigrant,,,,,,,
E12000002,North West,-8,Does not apply,3,"5 years or more, but less than 10 years",25795,Immigrant,,,,,,,
E12000008,South East,-8,Does not apply,3,"5 years or more, but less than 10 years",32738,Immigrant,,,,,,,
E12000009,South West,-8,Does not apply,3,"5 years or more, but less than 10 years",14068,Immigrant,,,,,,,
W92000004,Wales,-8,Does not apply,3,"5 years or more, but less than 10 years",5540,Immigrant,,,,,,,
E12000005,West Midlands,-8,Does not apply,3,"5 years or more, but less than 10 years",24241,Immigrant,,,,,,,
E12000003,Yorkshire and The Humber,-8,Does not apply,3,"5 years or more, but less than 10 years",16954,Immigrant,,,,,,,
E12000004,East Midlands,-8,Does not apply,4,"2 years or more, but less than 5 years",16657,Immigrant,,,,,,,
E12000006,East of England,-8,Does not apply,4,"2 years or more, but less than 5 years",21046,Immigrant,,,,,,,
E12000007,London,-8,Does not apply,4,"2 years or more, but less than 5 years",61848,Immigrant,,,,,,,
E12000001,North East,-8,Does not apply,4,"2 years or more, but less than 5 years",5611,Immigrant,,,,,,,
E12000002,North West,-8,Does not apply,4,"2 years or more, but less than 5 years",28141,Immigrant,,,,,,,
E12000008,South East,-8,Does not apply,4,"2 years or more, but less than 5 years",30925,Immigrant,,,,,,,
E12000009,South West,-8,Does not apply,4,"2 years or more, but less than 5 years",13113,Immigrant,,,,,,,
W92000004,Wales,-8,Does not apply,4,"2 years or more, but less than 5 years",4987,Immigrant,,,,,,,
E12000005,West Midlands,-8,Does not apply,4,"2 years or more, but less than 5 years",25713,Immigrant,,,,,,,
E12000003,Yorkshire and The Humber,-8,Does not apply,4,"2 years or more, but less than 5 years",16448,Immigrant,,,,,,,
E12000004,East Midlands,-8,Does not apply,5,Less than 2 years,12778,Immigrant,,,,,,,
E12000006,East of England,-8,Does not apply,5,Less than 2 years,17388,Immigrant,,,,,,,
E12000007,London,-8,Does not apply,5,Less than 2 years,47406,Immigrant,,,,,,,
E12000001,North East,-8,Does not apply,5,Less than 2 years,4482,Immigrant,,,,,,,
E12000002,North West,-8,Does not apply,5,Less than 2 years,23230,Immigrant,,,,,,,
E12000008,South East,-8,Does not apply,5,Less than 2 years,27067,Immigrant,,,,,,,
E12000009,South West,-8,Does not apply,5,Less than 2 years,11175,Immigrant,,,,,,,
W92000004,Wales,-8,Does not apply,5,Less than 2 years,4300,Immigrant,,,,,,,
E12000005,West Midlands,-8,Does not apply,5,Less than 2 years,18314,Immigrant,,,,,,,
E12000003,Yorkshire and The Humber,-8,Does not apply,5,Less than 2 years,12774,Immigrant,,,,,,,
E12000004,East Midlands,1,"Level 1 and entry level qualifications: 1 to 4 GCSEs grade A* to C, Any GCSEs at other grades, O levels or CSEs (any grades), 1 AS level, NVQ level 1, Foundation GNVQ, Basic or Essential Skills",1,Born in the UK,356313,Uk-Born,,,,,,,
E12000006,East of England,1,"Level 1 and entry level qualifications: 1 to 4 GCSEs grade A* to C, Any GCSEs at other grades, O levels or CSEs (any grades), 1 AS level, NVQ level 1, Foundation GNVQ, Basic or Essential Skills",1,Born in the UK,486740,Uk-Born,,,,,,,
E12000007,London,1,"Level 1 and entry level qualifications: 1 to 4 GCSEs grade A* to C, Any GCSEs at other grades, O levels or CSEs (any grades), 1 AS level, NVQ level 1, Foundation GNVQ, Basic or Essential Skills",1,Born in the UK,287258,Uk-Born,,,,,,,
E12000001,North East,1,"Level 1 and entry level qualifications: 1 to 4 GCSEs grade A* to C, Any GCSEs at other grades, O levels or CSEs (any grades), 1 AS level, NVQ level 1, Foundation GNVQ, Basic or Essential Skills",1,Born in the UK,196311,Uk-Born,,,,,,,
E12000002,North West,1,"Level 1 and entry level qualifications: 1 to 4 GCSEs grade A* to C, Any GCSEs at other grades, O levels or CSEs (any grades), 1 AS level, NVQ level 1, Foundation GNVQ, Basic or Essential Skills",1,Born in the UK,512447,Uk-Born,,,,,,,
E12000008,South East,1,"Level 1 and entry level qualifications: 1 to 4 GCSEs grade A* to C, Any GCSEs at other grades, O levels or CSEs (any grades), 1 AS level, NVQ level 1, Foundation GNVQ, Basic or Essential Skills",1,Born in the UK,642415,Uk-Born,,,,,,,
E12000009,South West,1,"Level 1 and entry level qualifications: 1 to 4 GCSEs grade A* to C, Any GCSEs at other grades, O levels or CSEs (any grades), 1 AS level, NVQ level 1, Foundation GNVQ, Basic or Essential Skills",1,Born in the UK,426208,Uk-Born,,,,,,,
W92000004,Wales,1,"Level 1 and entry level qualifications: 1 to 4 GCSEs grade A* to C, Any GCSEs at other grades, O levels or CSEs (any grades), 1 AS level, NVQ level 1, Foundation GNVQ, Basic or Essential Skills",1,Born in the UK,211868,Uk-Born,,,,,,,
E12000005,West Midlands,1,"Level 1 and entry level qualifications: 1 to 4 GCSEs grade A* to C, Any GCSEs at other grades, O levels or CSEs (any grades), 1 AS level, NVQ level 1, Foundation GNVQ, Basic or Essential Skills",1,Born in the UK,413497,Uk-Born,,,,,,,
E12000003,Yorkshire and The Humber,1,"Level 1 and entry level qualifications: 1 to 4 GCSEs grade A* to C, Any GCSEs at other grades, O levels or CSEs (any grades), 1 AS level, NVQ level 1, Foundation GNVQ, Basic or Essential Skills",1,Born in the UK,395578,Uk-Born,,,,,,,
E12000004,East Midlands,1,"Level 1 and entry level qualifications: 1 to 4 GCSEs grade A* to C, Any GCSEs at other grades, O levels or CSEs (any grades), 1 AS level, NVQ level 1, Foundation GNVQ, Basic or Essential Skills",2,10 years or more,35104,Immigrant,,,,,,,
E12000006,East of England,1,"Level 1 and entry level qualifications: 1 to 4 GCSEs grade A* to C, Any GCSEs at other grades, O levels or CSEs (any grades), 1 AS level, NVQ level 1, Foundation GNVQ, Basic or Essential Skills",2,10 years or more,42417,Immigrant,,,,,,,
E12000007,London,1,"Level 1 and entry level qualifications: 1 to 4 GCSEs grade A* to C, Any GCSEs at other grades, O levels or CSEs (any grades), 1 AS level, NVQ level 1, Foundation GNVQ, Basic or Essential Skills",2,10 years or more,169731,Immigrant,,,,,,,
E12000001,North East,1,"Level 1 and entry level qualifications: 1 to 4 GCSEs grade A* to C, Any GCSEs at other grades, O levels or CSEs (any grades), 1 AS level, NVQ level 1, Foundation GNVQ, Basic or Essential Skills",2,10 years or more,7428,Immigrant,,,,,,,
E12000002,North West,1,"Level 1 and entry level qualifications: 1 to 4 GCSEs grade A* to C, Any GCSEs at other grades, O levels or CSEs (any grades), 1 AS level, NVQ level 1, Foundation GNVQ, Basic or Essential Skills",2,10 years or more,39956,Immigrant,,,,,,,
E12000008,South East,1,"Level 1 and entry level qualifications: 1 to 4 GCSEs grade A* to C, Any GCSEs at other grades, O levels or CSEs (any grades), 1 AS level, NVQ level 1, Foundation GNVQ, Basic or Essential Skills",2,10 years or more,61930,Immigrant,,,,,,,
E12000009,South West,1,"Level 1 and entry level qualifications: 1 to 4 GCSEs grade A* to C, Any GCSEs at other grades, O levels or CSEs (any grades), 1 AS level, NVQ level 1, Foundation GNVQ, Basic or Essential Skills",2,10 years or more,24063,Immigrant,,,,,,,
W92000004,Wales,1,"Level 1 and entry level qualifications: 1 to 4 GCSEs grade A* to C, Any GCSEs at other grades, O levels or CSEs (any grades), 1 AS level, NVQ level 1, Foundation GNVQ, Basic or Essential Skills",2,10 years or more,7239,Immigrant,,,,,,,
E12000005,West Midlands,1,"Level 1 and entry level qualifications: 1 to 4 GCSEs grade A* to C, Any GCSEs at other grades, O levels or CSEs (any grades), 1 AS level, NVQ level 1, Foundation GNVQ, Basic or Essential Skills",2,10 years or more,50175,Immigrant,,,,,,,
E12000003,Yorkshire and The Humber,1,"Level 1 and entry level qualifications: 1 to 4 GCSEs grade A* to C, Any GCSEs at other grades, O levels or CSEs (any grades), 1 AS level, NVQ level 1, Foundation GNVQ, Basic or Essential Skills",2,10 years or more,32637,Immigrant,,,,,,,
E12000004,East Midlands,1,"Level 1 and entry level qualifications: 1 to 4 GCSEs grade A* to C, Any GCSEs at other grades, O levels or CSEs (any grades), 1 AS level, NVQ level 1, Foundation GNVQ, Basic or Essential Skills",3,"5 years or more, but less than 10 years",11526,Immigrant,,,,,,,
E12000006,East of England,1,"Level 1 and entry level qualifications: 1 to 4 GCSEs grade A* to C, Any GCSEs at other grades, O levels or CSEs (any grades), 1 AS level, NVQ level 1, Foundation GNVQ, Basic or Essential Skills",3,"5 years or more, but less than 10 years",12382,Immigrant,,,,,,,
E12000007,London,1,"Level 1 and entry level qualifications: 1 to 4 GCSEs grade A* to C, Any GCSEs at other grades, O levels or CSEs (any grades), 1 AS level, NVQ level 1, Foundation GNVQ, Basic or Essential Skills",3,"5 years or more, but less than 10 years",40428,Immigrant,,,,,,,
E12000001,North East,1,"Level 1 and entry level qualifications: 1 to 4 GCSEs grade A* to C, Any GCSEs at other grades, O levels or CSEs (any grades), 1 AS level, NVQ level 1, Foundation GNVQ, Basic or Essential Skills",3,"5 years or more, but less than 10 years",2194,Immigrant,,,,,,,
E12000002,North West,1,"Level 1 and entry level qualifications: 1 to 4 GCSEs grade A* to C, Any GCSEs at other grades, O levels or CSEs (any grades), 1 AS level, NVQ level 1, Foundation GNVQ, Basic or Essential Skills",3,"5 years or more, but less than 10 years",13062,Immigrant,,,,,,,
E12000008,South East,1,"Level 1 and entry level qualifications: 1 to 4 GCSEs grade A* to C, Any GCSEs at other grades, O levels or CSEs (any grades), 1 AS level, NVQ level 1, Foundation GNVQ, Basic or Essential Skills",3,"5 years or more, but less than 10 years",15833,Immigrant,,,,,,,
E12000009,South West,1,"Level 1 and entry level qualifications: 1 to 4 GCSEs grade A* to C, Any GCSEs at other grades, O levels or CSEs (any grades), 1 AS level, NVQ level 1, Foundation GNVQ, Basic or Essential Skills",3,"5 years or more, but less than 10 years",7274,Immigrant,,,,,,,
W92000004,Wales,1,"Level 1 and entry level qualifications: 1 to 4 GCSEs grade A* to C, Any GCSEs at other grades, O levels or CSEs (any grades), 1 AS level, NVQ level 1, Foundation GNVQ, Basic or Essential Skills",3,"5 years or more, but less than 10 years",1777,Immigrant,,,,,,,
E12000005,West Midlands,1,"Level 1 and entry level qualifications: 1 to 4 GCSEs grade A* to C, Any GCSEs at other grades, O levels or CSEs (any grades), 1 AS level, NVQ level 1, Foundation GNVQ, Basic or Essential Skills",3,"5 years or more, but less than 10 years",13933,Immigrant,,,,,,,
E12000003,Yorkshire and The Humber,1,"Level 1 and entry level qualifications: 1 to 4 GCSEs grade A* to C, Any GCSEs at other grades, O levels or CSEs (any grades), 1 AS level, NVQ level 1, Foundation GNVQ, Basic or Essential Skills",3,"5 years or more, but less than 10 years",9684,Immigrant,,,,,,,
E12000004,East Midlands,1,"Level 1 and entry level qualifications: 1 to 4 GCSEs grade A* to C, Any GCSEs at other grades, O levels or CSEs (any grades), 1 AS level, NVQ level 1, Foundation GNVQ, Basic or Essential Skills",4,"2 years or more, but less than 5 years",7435,Immigrant,,,,,,,
E12000006,East of England,1,"Level 1 and entry level qualifications: 1 to 4 GCSEs grade A* to C, Any GCSEs at other grades, O levels or CSEs (any grades), 1 AS level, NVQ level 1, Foundation GNVQ, Basic or Essential Skills",4,"2 years or more, but less than 5 years",7982,Immigrant,,,,,,,
E12000007,London,1,"Level 1 and entry level qualifications: 1 to 4 GCSEs grade A* to C, Any GCSEs at other grades, O levels or CSEs (any grades), 1 AS level, NVQ level 1, Foundation GNVQ, Basic or Essential Skills",4,"2 years or more, but less than 5 years",29238,Immigrant,,,,,,,
E12000001,North East,1,"Level 1 and entry level qualifications: 1 to 4 GCSEs grade A* to C, Any GCSEs at other grades, O levels or CSEs (any grades), 1 AS level, NVQ level 1, Foundation GNVQ, Basic or Essential Skills",4,"2 years or more, but less than 5 years",1717,Immigrant,,,,,,,
E12000002,North West,1,"Level 1 and entry level qualifications: 1 to 4 GCSEs grade A* to C, Any GCSEs at other grades, O levels or CSEs (any grades), 1 AS level, NVQ level 1, Foundation GNVQ, Basic or Essential Skills",4,"2 years or more, but less than 5 years",10516,Immigrant,,,,,,,
E12000008,South East,1,"Level 1 and entry level qualifications: 1 to 4 GCSEs grade A* to C, Any GCSEs at other grades, O levels or CSEs (any grades), 1 AS level, NVQ level 1, Foundation GNVQ, Basic or Essential Skills",4,"2 years or more, but less than 5 years",11047,Immigrant,,,,,,,
E12000009,South West,1,"Level 1 and entry level qualifications: 1 to 4 GCSEs grade A* to C, Any GCSEs at other grades, O levels or CSEs (any grades), 1 AS level, NVQ level 1, Foundation GNVQ, Basic or Essential Skills",4,"2 years or more, but less than 5 years",5008,Immigrant,,,,,,,
W92000004,Wales,1,"Level 1 and entry level qualifications: 1 to 4 GCSEs grade A* to C, Any GCSEs at other grades, O levels or CSEs (any grades), 1 AS level, NVQ level 1, Foundation GNVQ, Basic or Essential Skills",4,"2 years or more, but less than 5 years",1285,Immigrant,,,,,,,
E12000005,West Midlands,1,"Level 1 and entry level qualifications: 1 to 4 GCSEs grade A* to C, Any GCSEs at other grades, O levels or CSEs (any grades), 1 AS level, NVQ level 1, Foundation GNVQ, Basic or Essential Skills",4,"2 years or more, but less than 5 years",10615,Immigrant,,,,,,,
E12000003,Yorkshire and The Humber,1,"Level 1 and entry level qualifications: 1 to 4 GCSEs grade A* to C, Any GCSEs at other grades, O levels or CSEs (any grades), 1 AS level, NVQ level 1, Foundation GNVQ, Basic or Essential Skills",4,"2 years or more, but less than 5 years",6815,Immigrant,,,,,,,
E12000004,East Midlands,1,"Level 1 and entry level qualifications: 1 to 4 GCSEs grade A* to C, Any GCSEs at other grades, O levels or CSEs (any grades), 1 AS level, NVQ level 1, Foundation GNVQ, Basic or Essential Skills",5,Less than 2 years,4706,Immigrant,,,,,,,
E12000006,East of England,1,"Level 1 and entry level qualifications: 1 to 4 GCSEs grade A* to C, Any GCSEs at other grades, O levels or CSEs (any grades), 1 AS level, NVQ level 1, Foundation GNVQ, Basic or Essential Skills",5,Less than 2 years,5456,Immigrant,,,,,,,
E12000007,London,1,"Level 1 and entry level qualifications: 1 to 4 GCSEs grade A* to C, Any GCSEs at other grades, O levels or CSEs (any grades), 1 AS level, NVQ level 1, Foundation GNVQ, Basic or Essential Skills",5,Less than 2 years,18614,Immigrant,,,,,,,
E12000001,North East,1,"Level 1 and entry level qualifications: 1 to 4 GCSEs grade A* to C, Any GCSEs at other grades, O levels or CSEs (any grades), 1 AS level, NVQ level 1, Foundation GNVQ, Basic or Essential Skills",5,Less than 2 years,1269,Immigrant,,,,,,,
E12000002,North West,1,"Level 1 and entry level qualifications: 1 to 4 GCSEs grade A* to C, Any GCSEs at other grades, O levels or CSEs (any grades), 1 AS level, NVQ level 1, Foundation GNVQ, Basic or Essential Skills",5,Less than 2 years,7099,Immigrant,,,,,,,
E12000008,South East,1,"Level 1 and entry level qualifications: 1 to 4 GCSEs grade A* to C, Any GCSEs at other grades, O levels or CSEs (any grades), 1 AS level, NVQ level 1, Foundation GNVQ, Basic or Essential Skills",5,Less than 2 years,7897,Immigrant,,,,,,,
E12000009,South West,1,"Level 1 and entry level qualifications: 1 to 4 GCSEs grade A* to C, Any GCSEs at other grades, O levels or CSEs (any grades), 1 AS level, NVQ level 1, Foundation GNVQ, Basic or Essential Skills",5,Less than 2 years,3417,Immigrant,,,,,,,
W92000004,Wales,1,"Level 1 and entry level qualifications: 1 to 4 GCSEs grade A* to C, Any GCSEs at other grades, O levels or CSEs (any grades), 1 AS level, NVQ level 1, Foundation GNVQ, Basic or Essential Skills",5,Less than 2 years,856,Immigrant,,,,,,,
E12000005,West Midlands,1,"Level 1 and entry level qualifications: 1 to 4 GCSEs grade A* to C, Any GCSEs at other grades, O levels or CSEs (any grades), 1 AS level, NVQ level 1, Foundation GNVQ, Basic or Essential Skills",5,Less than 2 years,6490,Immigrant,,,,,,,
E12000003,Yorkshire and The Humber,1,"Level 1 and entry level qualifications: 1 to 4 GCSEs grade A* to C, Any GCSEs at other grades, O levels or CSEs (any grades), 1 AS level, NVQ level 1, Foundation GNVQ, Basic or Essential Skills",5,Less than 2 years,4351,Immigrant,,,,,,,
E12000004,East Midlands,2,"Level 2 qualifications: 5 or more GCSEs (A* to C or 9 to 4), O levels (passes), CSEs (grade 1), School Certification, 1 A level, 2 to 3 AS levels, VCEs, Intermediate or Higher Diploma, Welsh Baccalaureate Intermediate Diploma, NVQ level 2, Intermediate GNVQ, City and Guilds Craft, BTEC First or General Diploma, RSA Diploma",1,Born in the UK,502660,Uk-Born,,,,,,,
E12000006,East of England,2,"Level 2 qualifications: 5 or more GCSEs (A* to C or 9 to 4), O levels (passes), CSEs (grade 1), School Certification, 1 A level, 2 to 3 AS levels, VCEs, Intermediate or Higher Diploma, Welsh Baccalaureate Intermediate Diploma, NVQ level 2, Intermediate GNVQ, City and Guilds Craft, BTEC First or General Diploma, RSA Diploma",1,Born in the UK,673090,Uk-Born,,,,,,,
E12000007,London,2,"Level 2 qualifications: 5 or more GCSEs (A* to C or 9 to 4), O levels (passes), CSEs (grade 1), School Certification, 1 A level, 2 to 3 AS levels, VCEs, Intermediate or Higher Diploma, Welsh Baccalaureate Intermediate Diploma, NVQ level 2, Intermediate GNVQ, City and Guilds Craft, BTEC First or General Diploma, RSA Diploma",1,Born in the UK,475404,Uk-Born,,,,,,,
E12000001,North East,2,"Level 2 qualifications: 5 or more GCSEs (A* to C or 9 to 4), O levels (passes), CSEs (grade 1), School Certification, 1 A level, 2 to 3 AS levels, VCEs, Intermediate or Higher Diploma, Welsh Baccalaureate Intermediate Diploma, NVQ level 2, Intermediate GNVQ, City and Guilds Craft, BTEC First or General Diploma, RSA Diploma",1,Born in the UK,289167,Uk-Born,,,,,,,
E12000002,North West,2,"Level 2 qualifications: 5 or more GCSEs (A* to C or 9 to 4), O levels (passes), CSEs (grade 1), School Certification, 1 A level, 2 to 3 AS levels, VCEs, Intermediate or Higher Diploma, Welsh Baccalaureate Intermediate Diploma, NVQ level 2, Intermediate GNVQ, City and Guilds Craft, BTEC First or General Diploma, RSA Diploma",1,Born in the UK,756598,Uk-Born,,,,,,,
E12000008,South East,2,"Level 2 qualifications: 5 or more GCSEs (A* to C or 9 to 4), O levels (passes), CSEs (grade 1), School Certification, 1 A level, 2 to 3 AS levels, VCEs, Intermediate or Higher Diploma, Welsh Baccalaureate Intermediate Diploma, NVQ level 2, Intermediate GNVQ, City and Guilds Craft, BTEC First or General Diploma, RSA Diploma",1,Born in the UK,938437,Uk-Born,,,,,,,
E12000009,South West,2,"Level 2 qualifications: 5 or more GCSEs (A* to C or 9 to 4), O levels (passes), CSEs (grade 1), School Certification, 1 A level, 2 to 3 AS levels, VCEs, Intermediate or Higher Diploma, Welsh Baccalaureate Intermediate Diploma, NVQ level 2, Intermediate GNVQ, City and Guilds Craft, BTEC First or General Diploma, RSA Diploma",1,Born in the UK,630088,Uk-Born,,,,,,,
W92000004,Wales,2,"Level 2 qualifications: 5 or more GCSEs (A* to C or 9 to 4), O levels (passes), CSEs (grade 1), School Certification, 1 A level, 2 to 3 AS levels, VCEs, Intermediate or Higher Diploma, Welsh Baccalaureate Intermediate Diploma, NVQ level 2, Intermediate GNVQ, City and Guilds Craft, BTEC First or General Diploma, RSA Diploma",1,Born in the UK,351442,Uk-Born,,,,,,,
E12000005,West Midlands,2,"Level 2 qualifications: 5 or more GCSEs (A* to C or 9 to 4), O levels (passes), CSEs (grade 1), School Certification, 1 A level, 2 to 3 AS levels, VCEs, Intermediate or Higher Diploma, Welsh Baccalaureate Intermediate Diploma, NVQ level 2, Intermediate GNVQ, City and Guilds Craft, BTEC First or General Diploma, RSA Diploma",1,Born in the UK,598901,Uk-Born,,,,,,,
E12000003,Yorkshire and The Humber,2,"Level 2 qualifications: 5 or more GCSEs (A* to C or 9 to 4), O levels (passes), CSEs (grade 1), School Certification, 1 A level, 2 to 3 AS levels, VCEs, Intermediate or Higher Diploma, Welsh Baccalaureate Intermediate Diploma, NVQ level 2, Intermediate GNVQ, City and Guilds Craft, BTEC First or General Diploma, RSA Diploma",1,Born in the UK,561849,Uk-Born,,,,,,,
E12000004,East Midlands,2,"Level 2 qualifications: 5 or more GCSEs (A* to C or 9 to 4), O levels (passes), CSEs (grade 1), School Certification, 1 A level, 2 to 3 AS levels, VCEs, Intermediate or Higher Diploma, Welsh Baccalaureate Intermediate Diploma, NVQ level 2, Intermediate GNVQ, City and Guilds Craft, BTEC First or General Diploma, RSA Diploma",2,10 years or more,34948,Immigrant,,,,,,,
E12000006,East of England,2,"Level 2 qualifications: 5 or more GCSEs (A* to C or 9 to 4), O levels (passes), CSEs (grade 1), School Certification, 1 A level, 2 to 3 AS levels, VCEs, Intermediate or Higher Diploma, Welsh Baccalaureate Intermediate Diploma, NVQ level 2, Intermediate GNVQ, City and Guilds Craft, BTEC First or General Diploma, RSA Diploma",2,10 years or more,47186,Immigrant,,,,,,,
E12000007,London,2,"Level 2 qualifications: 5 or more GCSEs (A* to C or 9 to 4), O levels (passes), CSEs (grade 1), School Certification, 1 A level, 2 to 3 AS levels, VCEs, Intermediate or Higher Diploma, Welsh Baccalaureate Intermediate Diploma, NVQ level 2, Intermediate GNVQ, City and Guilds Craft, BTEC First or General Diploma, RSA Diploma",2,10 years or more,156526,Immigrant,,,,,,,
E12000001,North East,2,"Level 2 qualifications: 5 or more GCSEs (A* to C or 9 to 4), O levels (passes), CSEs (grade 1), School Certification, 1 A level, 2 to 3 AS levels, VCEs, Intermediate or Higher Diploma, Welsh Baccalaureate Intermediate Diploma, NVQ level 2, Intermediate GNVQ, City and Guilds Craft, BTEC First or General Diploma, RSA Diploma",2,10 years or more,8337,Immigrant,,,,,,,
E12000002,North West,2,"Level 2 qualifications: 5 or more GCSEs (A* to C or 9 to 4), O levels (passes), CSEs (grade 1), School Certification, 1 A level, 2 to 3 AS levels, VCEs, Intermediate or Higher Diploma, Welsh Baccalaureate Intermediate Diploma, NVQ level 2, Intermediate GNVQ, City and Guilds Craft, BTEC First or General Diploma, RSA Diploma",2,10 years or more,38575,Immigrant,,,,,,,
E12000008,South East,2,"Level 2 qualifications: 5 or more GCSEs (A* to C or 9 to 4), O levels (passes), CSEs (grade 1), School Certification, 1 A level, 2 to 3 AS levels, VCEs, Intermediate or Higher Diploma, Welsh Baccalaureate Intermediate Diploma, NVQ level 2, Intermediate GNVQ, City and Guilds Craft, BTEC First or General Diploma, RSA Diploma",2,10 years or more,73635,Immigrant,,,,,,,
E12000009,South West,2,"Level 2 qualifications: 5 or more GCSEs (A* to C or 9 to 4), O levels (passes), CSEs (grade 1), School Certification, 1 A level, 2 to 3 AS levels, VCEs, Intermediate or Higher Diploma, Welsh Baccalaureate Intermediate Diploma, NVQ level 2, Intermediate GNVQ, City and Guilds Craft, BTEC First or General Diploma, RSA Diploma",2,10 years or more,32583,Immigrant,,,,,,,
W92000004,Wales,2,"Level 2 qualifications: 5 or more GCSEs (A* to C or 9 to 4), O levels (passes), CSEs (grade 1), School Certification, 1 A level, 2 to 3 AS levels, VCEs, Intermediate or Higher Diploma, Welsh Baccalaureate Intermediate Diploma, NVQ level 2, Intermediate GNVQ, City and Guilds Craft, BTEC First or General Diploma, RSA Diploma",2,10 years or more,10860,Immigrant,,,,,,,
E12000005,West Midlands,2,"Level 2 qualifications: 5 or more GCSEs (A* to C or 9 to 4), O levels (passes), CSEs (grade 1), School Certification, 1 A level, 2 to 3 AS levels, VCEs, Intermediate or Higher Diploma, Welsh Baccalaureate Intermediate Diploma, NVQ level 2, Intermediate GNVQ, City and Guilds Craft, BTEC First or General Diploma, RSA Diploma",2,10 years or more,43961,Immigrant,,,,,,,
E12000003,Yorkshire and The Humber,2,"Level 2 qualifications: 5 or more GCSEs (A* to C or 9 to 4), O levels (passes), CSEs (grade 1), School Certification, 1 A level, 2 to 3 AS levels, VCEs, Intermediate or Higher Diploma, Welsh Baccalaureate Intermediate Diploma, NVQ level 2, Intermediate GNVQ, City and Guilds Craft, BTEC First or General Diploma, RSA Diploma",2,10 years or more,29973,Immigrant,,,,,,,
E12000004,East Midlands,2,"Level 2 qualifications: 5 or more GCSEs (A* to C or 9 to 4), O levels (passes), CSEs (grade 1), School Certification, 1 A level, 2 to 3 AS levels, VCEs, Intermediate or Higher Diploma, Welsh Baccalaureate Intermediate Diploma, NVQ level 2, Intermediate GNVQ, City and Guilds Craft, BTEC First or General Diploma, RSA Diploma",3,"5 years or more, but less than 10 years",9491,Immigrant,,,,,,,
E12000006,East of England,2,"Level 2 qualifications: 5 or more GCSEs (A* to C or 9 to 4), O levels (passes), CSEs (grade 1), School Certification, 1 A level, 2 to 3 AS levels, VCEs, Intermediate or Higher Diploma, Welsh Baccalaureate Intermediate Diploma, NVQ level 2, Intermediate GNVQ, City and Guilds Craft, BTEC First or General Diploma, RSA Diploma",3,"5 years or more, but less than 10 years",11200,Immigrant,,,,,,,
E12000007,London,2,"Level 2 qualifications: 5 or more GCSEs (A* to C or 9 to 4), O levels (passes), CSEs (grade 1), School Certification, 1 A level, 2 to 3 AS levels, VCEs, Intermediate or Higher Diploma, Welsh Baccalaureate Intermediate Diploma, NVQ level 2, Intermediate GNVQ, City and Guilds Craft, BTEC First or General Diploma, RSA Diploma",3,"5 years or more, but less than 10 years",36866,Immigrant,,,,,,,
E12000001,North East,2,"Level 2 qualifications: 5 or more GCSEs (A* to C or 9 to 4), O levels (passes), CSEs (grade 1), School Certification, 1 A level, 2 to 3 AS levels, VCEs, Intermediate or Higher Diploma, Welsh Baccalaureate Intermediate Diploma, NVQ level 2, Intermediate GNVQ, City and Guilds Craft, BTEC First or General Diploma, RSA Diploma",3,"5 years or more, but less than 10 years",1825,Immigrant,,,,,,,
E12000002,North West,2,"Level 2 qualifications: 5 or more GCSEs (A* to C or 9 to 4), O levels (passes), CSEs (grade 1), School Certification, 1 A level, 2 to 3 AS levels, VCEs, Intermediate or Higher Diploma, Welsh Baccalaureate Intermediate Diploma, NVQ level 2, Intermediate GNVQ, City and Guilds Craft, BTEC First or General Diploma, RSA Diploma",3,"5 years or more, but less than 10 years",11222,Immigrant,,,,,,,
E12000008,South East,2,"Level 2 qualifications: 5 or more GCSEs (A* to C or 9 to 4), O levels (passes), CSEs (grade 1), School Certification, 1 A level, 2 to 3 AS levels, VCEs, Intermediate or Higher Diploma, Welsh Baccalaureate Intermediate Diploma, NVQ level 2, Intermediate GNVQ, City and Guilds Craft, BTEC First or General Diploma, RSA Diploma",3,"5 years or more, but less than 10 years",16531,Immigrant,,,,,,,
E12000009,South West,2,"Level 2 qualifications: 5 or more GCSEs (A* to C or 9 to 4), O levels (passes), CSEs (grade 1), School Certification, 1 A level, 2 to 3 AS levels, VCEs, Intermediate or Higher Diploma, Welsh Baccalaureate Intermediate Diploma, NVQ level 2, Intermediate GNVQ, City and Guilds Craft, BTEC First or General Diploma, RSA Diploma",3,"5 years or more, but less than 10 years",7429,Immigrant,,,,,,,
W92000004,Wales,2,"Level 2 qualifications: 5 or more GCSEs (A* to C or 9 to 4), O levels (passes), CSEs (grade 1), School Certification, 1 A level, 2 to 3 AS levels, VCEs, Intermediate or Higher Diploma, Welsh Baccalaureate Intermediate Diploma, NVQ level 2, Intermediate GNVQ, City and Guilds Craft, BTEC First or General Diploma, RSA Diploma",3,"5 years or more, but less than 10 years",2233,Immigrant,,,,,,,
E12000005,West Midlands,2,"Level 2 qualifications: 5 or more GCSEs (A* to C or 9 to 4), O levels (passes), CSEs (grade 1), School Certification, 1 A level, 2 to 3 AS levels, VCEs, Intermediate or Higher Diploma, Welsh Baccalaureate Intermediate Diploma, NVQ level 2, Intermediate GNVQ, City and Guilds Craft, BTEC First or General Diploma, RSA Diploma",3,"5 years or more, but less than 10 years",11616,Immigrant,,,,,,,
E12000003,Yorkshire and The Humber,2,"Level 2 qualifications: 5 or more GCSEs (A* to C or 9 to 4), O levels (passes), CSEs (grade 1), School Certification, 1 A level, 2 to 3 AS levels, VCEs, Intermediate or Higher Diploma, Welsh Baccalaureate Intermediate Diploma, NVQ level 2, Intermediate GNVQ, City and Guilds Craft, BTEC First or General Diploma, RSA Diploma",3,"5 years or more, but less than 10 years",7644,Immigrant,,,,,,,
E12000004,East Midlands,2,"Level 2 qualifications: 5 or more GCSEs (A* to C or 9 to 4), O levels (passes), CSEs (grade 1), School Certification, 1 A level, 2 to 3 AS levels, VCEs, Intermediate or Higher Diploma, Welsh Baccalaureate Intermediate Diploma, NVQ level 2, Intermediate GNVQ, City and Guilds Craft, BTEC First or General Diploma, RSA Diploma",4,"2 years or more, but less than 5 years",5231,Immigrant,,,,,,,
E12000006,East of England,2,"Level 2 qualifications: 5 or more GCSEs (A* to C or 9 to 4), O levels (passes), CSEs (grade 1), School Certification, 1 A level, 2 to 3 AS levels, VCEs, Intermediate or Higher Diploma, Welsh Baccalaureate Intermediate Diploma, NVQ level 2, Intermediate GNVQ, City and Guilds Craft, BTEC First or General Diploma, RSA Diploma",4,"2 years or more, but less than 5 years",6408,Immigrant,,,,,,,
E12000007,London,2,"Level 2 qualifications: 5 or more GCSEs (A* to C or 9 to 4), O levels (passes), CSEs (grade 1), School Certification, 1 A level, 2 to 3 AS levels, VCEs, Intermediate or Higher Diploma, Welsh Baccalaureate Intermediate Diploma, NVQ level 2, Intermediate GNVQ, City and Guilds Craft, BTEC First or General Diploma, RSA Diploma",4,"2 years or more, but less than 5 years",23077,Immigrant,,,,,,,
E12000001,North East,2,"Level 2 qualifications: 5 or more GCSEs (A* to C or 9 to 4), O levels (passes), CSEs (grade 1), School Certification, 1 A level, 2 to 3 AS levels, VCEs, Intermediate or Higher Diploma, Welsh Baccalaureate Intermediate Diploma, NVQ level 2, Intermediate GNVQ, City and Guilds Craft, BTEC First or General Diploma, RSA Diploma",4,"2 years or more, but less than 5 years",1192,Immigrant,,,,,,,
E12000002,North West,2,"Level 2 qualifications: 5 or more GCSEs (A* to C or 9 to 4), O levels (passes), CSEs (grade 1), School Certification, 1 A level, 2 to 3 AS levels, VCEs, Intermediate or Higher Diploma, Welsh Baccalaureate Intermediate Diploma, NVQ level 2, Intermediate GNVQ, City and Guilds Craft, BTEC First or General Diploma, RSA Diploma",4,"2 years or more, but less than 5 years",7273,Immigrant,,,,,,,
E12000008,South East,2,"Level 2 qualifications: 5 or more GCSEs (A* to C or 9 to 4), O levels (passes), CSEs (grade 1), School Certification, 1 A level, 2 to 3 AS levels, VCEs, Intermediate or Higher Diploma, Welsh Baccalaureate Intermediate Diploma, NVQ level 2, Intermediate GNVQ, City and Guilds Craft, BTEC First or General Diploma, RSA Diploma",4,"2 years or more, but less than 5 years",10007,Immigrant,,,,,,,
E12000009,South West,2,"Level 2 qualifications: 5 or more GCSEs (A* to C or 9 to 4), O levels (passes), CSEs (grade 1), School Certification, 1 A level, 2 to 3 AS levels, VCEs, Intermediate or Higher Diploma, Welsh Baccalaureate Intermediate Diploma, NVQ level 2, Intermediate GNVQ, City and Guilds Craft, BTEC First or General Diploma, RSA Diploma",4,"2 years or more, but less than 5 years",4406,Immigrant,,,,,,,
W92000004,Wales,2,"Level 2 qualifications: 5 or more GCSEs (A* to C or 9 to 4), O levels (passes), CSEs (grade 1), School Certification, 1 A level, 2 to 3 AS levels, VCEs, Intermediate or Higher Diploma, Welsh Baccalaureate Intermediate Diploma, NVQ level 2, Intermediate GNVQ, City and Guilds Craft, BTEC First or General Diploma, RSA Diploma",4,"2 years or more, but less than 5 years",1367,Immigrant,,,,,,,
E12000005,West Midlands,2,"Level 2 qualifications: 5 or more GCSEs (A* to C or 9 to 4), O levels (passes), CSEs (grade 1), School Certification, 1 A level, 2 to 3 AS levels, VCEs, Intermediate or Higher Diploma, Welsh Baccalaureate Intermediate Diploma, NVQ level 2, Intermediate GNVQ, City and Guilds Craft, BTEC First or General Diploma, RSA Diploma",4,"2 years or more, but less than 5 years",7349,Immigrant,,,,,,,
E12000003,Yorkshire and The Humber,2,"Level 2 qualifications: 5 or more GCSEs (A* to C or 9 to 4), O levels (passes), CSEs (grade 1), School Certification, 1 A level, 2 to 3 AS levels, VCEs, Intermediate or Higher Diploma, Welsh Baccalaureate Intermediate Diploma, NVQ level 2, Intermediate GNVQ, City and Guilds Craft, BTEC First or General Diploma, RSA Diploma",4,"2 years or more, but less than 5 years",4492,Immigrant,,,,,,,
E12000004,East Midlands,2,"Level 2 qualifications: 5 or more GCSEs (A* to C or 9 to 4), O levels (passes), CSEs (grade 1), School Certification, 1 A level, 2 to 3 AS levels, VCEs, Intermediate or Higher Diploma, Welsh Baccalaureate Intermediate Diploma, NVQ level 2, Intermediate GNVQ, City and Guilds Craft, BTEC First or General Diploma, RSA Diploma",5,Less than 2 years,3716,Immigrant,,,,,,,
E12000006,East of England,2,"Level 2 qualifications: 5 or more GCSEs (A* to C or 9 to 4), O levels (passes), CSEs (grade 1), School Certification, 1 A level, 2 to 3 AS levels, VCEs, Intermediate or Higher Diploma, Welsh Baccalaureate Intermediate Diploma, NVQ level 2, Intermediate GNVQ, City and Guilds Craft, BTEC First or General Diploma, RSA Diploma",5,Less than 2 years,4727,Immigrant,,,,,,,
E12000007,London,2,"Level 2 qualifications: 5 or more GCSEs (A* to C or 9 to 4), O levels (passes), CSEs (grade 1), School Certification, 1 A level, 2 to 3 AS levels, VCEs, Intermediate or Higher Diploma, Welsh Baccalaureate Intermediate Diploma, NVQ level 2, Intermediate GNVQ, City and Guilds Craft, BTEC First or General Diploma, RSA Diploma",5,Less than 2 years,15645,Immigrant,,,,,,,
E12000001,North East,2,"Level 2 qualifications: 5 or more GCSEs (A* to C or 9 to 4), O levels (passes), CSEs (grade 1), School Certification, 1 A level, 2 to 3 AS levels, VCEs, Intermediate or Higher Diploma, Welsh Baccalaureate Intermediate Diploma, NVQ level 2, Intermediate GNVQ, City and Guilds Craft, BTEC First or General Diploma, RSA Diploma",5,Less than 2 years,1127,Immigrant,,,,,,,
E12000002,North West,2,"Level 2 qualifications: 5 or more GCSEs (A* to C or 9 to 4), O levels (passes), CSEs (grade 1), School Certification, 1 A level, 2 to 3 AS levels, VCEs, Intermediate or Higher Diploma, Welsh Baccalaureate Intermediate Diploma, NVQ level 2, Intermediate GNVQ, City and Guilds Craft, BTEC First or General Diploma, RSA Diploma",5,Less than 2 years,5465,Immigrant,,,,,,,
E12000008,South East,2,"Level 2 qualifications: 5 or more GCSEs (A* to C or 9 to 4), O levels (passes), CSEs (grade 1), School Certification, 1 A level, 2 to 3 AS levels, VCEs, Intermediate or Higher Diploma, Welsh Baccalaureate Intermediate Diploma, NVQ level 2, Intermediate GNVQ, City and Guilds Craft, BTEC First or General Diploma, RSA Diploma",5,Less than 2 years,8188,Immigrant,,,,,,,
E12000009,South West,2,"Level 2 qualifications: 5 or more GCSEs (A* to C or 9 to 4), O levels (passes), CSEs (grade 1), School Certification, 1 A level, 2 to 3 AS levels, VCEs, Intermediate or Higher Diploma, Welsh Baccalaureate Intermediate Diploma, NVQ level 2, Intermediate GNVQ, City and Guilds Craft, BTEC First or General Diploma, RSA Diploma",5,Less than 2 years,3773,Immigrant,,,,,,,
W92000004,Wales,2,"Level 2 qualifications: 5 or more GCSEs (A* to C or 9 to 4), O levels (passes), CSEs (grade 1), School Certification, 1 A level, 2 to 3 AS levels, VCEs, Intermediate or Higher Diploma, Welsh Baccalaureate Intermediate Diploma, NVQ level 2, Intermediate GNVQ, City and Guilds Craft, BTEC First or General Diploma, RSA Diploma",5,Less than 2 years,1458,Immigrant,,,,,,,
E12000005,West Midlands,2,"Level 2 qualifications: 5 or more GCSEs (A* to C or 9 to 4), O levels (passes), CSEs (grade 1), School Certification, 1 A level, 2 to 3 AS levels, VCEs, Intermediate or Higher Diploma, Welsh Baccalaureate Intermediate Diploma, NVQ level 2, Intermediate GNVQ, City and Guilds Craft, BTEC First or General Diploma, RSA Diploma",5,Less than 2 years,4871,Immigrant,,,,,,,
E12000003,Yorkshire and The Humber,2,"Level 2 qualifications: 5 or more GCSEs (A* to C or 9 to 4), O levels (passes), CSEs (grade 1), School Certification, 1 A level, 2 to 3 AS levels, VCEs, Intermediate or Higher Diploma, Welsh Baccalaureate Intermediate Diploma, NVQ level 2, Intermediate GNVQ, City and Guilds Craft, BTEC First or General Diploma, RSA Diploma",5,Less than 2 years,3440,Immigrant,,,,,,,
E12000004,East Midlands,3,"Level 3 qualifications: 2 or more A levels or VCEs, 4 or more AS levels, Higher School Certificate, Progression or Advanced Diploma, Welsh Baccalaureate Advance Diploma, NVQ level 3; Advanced GNVQ, City and Guilds Advanced Craft, ONC, OND, BTEC National, RSA Advanced Diploma",1,Born in the UK,656660,Uk-Born,,,,,,,
E12000006,East of England,3,"Level 3 qualifications: 2 or more A levels or VCEs, 4 or more AS levels, Higher School Certificate, Progression or Advanced Diploma, Welsh Baccalaureate Advance Diploma, NVQ level 3; Advanced GNVQ, City and Guilds Advanced Craft, ONC, OND, BTEC National, RSA Advanced Diploma",1,Born in the UK,762096,Uk-Born,,,,,,,
E12000007,London,3,"Level 3 qualifications: 2 or more A levels or VCEs, 4 or more AS levels, Higher School Certificate, Progression or Advanced Diploma, Welsh Baccalaureate Advance Diploma, NVQ level 3; Advanced GNVQ, City and Guilds Advanced Craft, ONC, OND, BTEC National, RSA Advanced Diploma",1,Born in the UK,591476,Uk-Born,,,,,,,
E12000001,North East,3,"Level 3 qualifications: 2 or more A levels or VCEs, 4 or more AS levels, Higher School Certificate, Progression or Advanced Diploma, Welsh Baccalaureate Advance Diploma, NVQ level 3; Advanced GNVQ, City and Guilds Advanced Craft, ONC, OND, BTEC National, RSA Advanced Diploma",1,Born in the UK,384036,Uk-Born,,,,,,,
E12000002,North West,3,"Level 3 qualifications: 2 or more A levels or VCEs, 4 or more AS levels, Higher School Certificate, Progression or Advanced Diploma, Welsh Baccalaureate Advance Diploma, NVQ level 3; Advanced GNVQ, City and Guilds Advanced Craft, ONC, OND, BTEC National, RSA Advanced Diploma",1,Born in the UK,974709,Uk-Born,,,,,,,
E12000008,South East,3,"Level 3 qualifications: 2 or more A levels or VCEs, 4 or more AS levels, Higher School Certificate, Progression or Advanced Diploma, Welsh Baccalaureate Advance Diploma, NVQ level 3; Advanced GNVQ, City and Guilds Advanced Craft, ONC, OND, BTEC National, RSA Advanced Diploma",1,Born in the UK,1142074,Uk-Born,,,,,,,
E12000009,South West,3,"Level 3 qualifications: 2 or more A levels or VCEs, 4 or more AS levels, Higher School Certificate, Progression or Advanced Diploma, Welsh Baccalaureate Advance Diploma, NVQ level 3; Advanced GNVQ, City and Guilds Advanced Craft, ONC, OND, BTEC National, RSA Advanced Diploma",1,Born in the UK,798618,Uk-Born,,,,,,,
W92000004,Wales,3,"Level 3 qualifications: 2 or more A levels or VCEs, 4 or more AS levels, Higher School Certificate, Progression or Advanced Diploma, Welsh Baccalaureate Advance Diploma, NVQ level 3; Advanced GNVQ, City and Guilds Advanced Craft, ONC, OND, BTEC National, RSA Advanced Diploma",1,Born in the UK,414563,Uk-Born,,,,,,,
E12000005,West Midlands,3,"Level 3 qualifications: 2 or more A levels or VCEs, 4 or more AS levels, Higher School Certificate, Progression or Advanced Diploma, Welsh Baccalaureate Advance Diploma, NVQ level 3; Advanced GNVQ, City and Guilds Advanced Craft, ONC, OND, BTEC National, RSA Advanced Diploma",1,Born in the UK,728442,Uk-Born,,,,,,,
E12000003,Yorkshire and The Humber,3,"Level 3 qualifications: 2 or more A levels or VCEs, 4 or more AS levels, Higher School Certificate, Progression or Advanced Diploma, Welsh Baccalaureate Advance Diploma, NVQ level 3; Advanced GNVQ, City and Guilds Advanced Craft, ONC, OND, BTEC National, RSA Advanced Diploma",1,Born in the UK,715234,Uk-Born,,,,,,,
E12000004,East Midlands,3,"Level 3 qualifications: 2 or more A levels or VCEs, 4 or more AS levels, Higher School Certificate, Progression or Advanced Diploma, Welsh Baccalaureate Advance Diploma, NVQ level 3; Advanced GNVQ, City and Guilds Advanced Craft, ONC, OND, BTEC National, RSA Advanced Diploma",2,10 years or more,49122,Immigrant,,,,,,,
E12000006,East of England,3,"Level 3 qualifications: 2 or more A levels or VCEs, 4 or more AS levels, Higher School Certificate, Progression or Advanced Diploma, Welsh Baccalaureate Advance Diploma, NVQ level 3; Advanced GNVQ, City and Guilds Advanced Craft, ONC, OND, BTEC National, RSA Advanced Diploma",2,10 years or more,68946,Immigrant,,,,,,,
E12000007,London,3,"Level 3 qualifications: 2 or more A levels or VCEs, 4 or more AS levels, Higher School Certificate, Progression or Advanced Diploma, Welsh Baccalaureate Advance Diploma, NVQ level 3; Advanced GNVQ, City and Guilds Advanced Craft, ONC, OND, BTEC National, RSA Advanced Diploma",2,10 years or more,233374,Immigrant,,,,,,,
E12000001,North East,3,"Level 3 qualifications: 2 or more A levels or VCEs, 4 or more AS levels, Higher School Certificate, Progression or Advanced Diploma, Welsh Baccalaureate Advance Diploma, NVQ level 3; Advanced GNVQ, City and Guilds Advanced Craft, ONC, OND, BTEC National, RSA Advanced Diploma",2,10 years or more,12981,Immigrant,,,,,,,
E12000002,North West,3,"Level 3 qualifications: 2 or more A levels or VCEs, 4 or more AS levels, Higher School Certificate, Progression or Advanced Diploma, Welsh Baccalaureate Advance Diploma, NVQ level 3; Advanced GNVQ, City and Guilds Advanced Craft, ONC, OND, BTEC National, RSA Advanced Diploma",2,10 years or more,54254,Immigrant,,,,,,,
E12000008,South East,3,"Level 3 qualifications: 2 or more A levels or VCEs, 4 or more AS levels, Higher School Certificate, Progression or Advanced Diploma, Welsh Baccalaureate Advance Diploma, NVQ level 3; Advanced GNVQ, City and Guilds Advanced Craft, ONC, OND, BTEC National, RSA Advanced Diploma",2,10 years or more,117256,Immigrant,,,,,,,
E12000009,South West,3,"Level 3 qualifications: 2 or more A levels or VCEs, 4 or more AS levels, Higher School Certificate, Progression or Advanced Diploma, Welsh Baccalaureate Advance Diploma, NVQ level 3; Advanced GNVQ, City and Guilds Advanced Craft, ONC, OND, BTEC National, RSA Advanced Diploma",2,10 years or more,51504,Immigrant,,,,,,,
W92000004,Wales,3,"Level 3 qualifications: 2 or more A levels or VCEs, 4 or more AS levels, Higher School Certificate, Progression or Advanced Diploma, Welsh Baccalaureate Advance Diploma, NVQ level 3; Advanced GNVQ, City and Guilds Advanced Craft, ONC, OND, BTEC National, RSA Advanced Diploma",2,10 years or more,17120,Immigrant,,,,,,,
E12000005,West Midlands,3,"Level 3 qualifications: 2 or more A levels or VCEs, 4 or more AS levels, Higher School Certificate, Progression or Advanced Diploma, Welsh Baccalaureate Advance Diploma, NVQ level 3; Advanced GNVQ, City and Guilds Advanced Craft, ONC, OND, BTEC National, RSA Advanced Diploma",2,10 years or more,59284,Immigrant,,,,,,,
E12000003,Yorkshire and The Humber,3,"Level 3 qualifications: 2 or more A levels or VCEs, 4 or more AS levels, Higher School Certificate, Progression or Advanced Diploma, Welsh Baccalaureate Advance Diploma, NVQ level 3; Advanced GNVQ, City and Guilds Advanced Craft, ONC, OND, BTEC National, RSA Advanced Diploma",2,10 years or more,40219,Immigrant,,,,,,,
E12000004,East Midlands,3,"Level 3 qualifications: 2 or more A levels or VCEs, 4 or more AS levels, Higher School Certificate, Progression or Advanced Diploma, Welsh Baccalaureate Advance Diploma, NVQ level 3; Advanced GNVQ, City and Guilds Advanced Craft, ONC, OND, BTEC National, RSA Advanced Diploma",3,"5 years or more, but less than 10 years",12599,Immigrant,,,,,,,
E12000006,East of England,3,"Level 3 qualifications: 2 or more A levels or VCEs, 4 or more AS levels, Higher School Certificate, Progression or Advanced Diploma, Welsh Baccalaureate Advance Diploma, NVQ level 3; Advanced GNVQ, City and Guilds Advanced Craft, ONC, OND, BTEC National, RSA Advanced Diploma",3,"5 years or more, but less than 10 years",15498,Immigrant,,,,,,,
E12000007,London,3,"Level 3 qualifications: 2 or more A levels or VCEs, 4 or more AS levels, Higher School Certificate, Progression or Advanced Diploma, Welsh Baccalaureate Advance Diploma, NVQ level 3; Advanced GNVQ, City and Guilds Advanced Craft, ONC, OND, BTEC National, RSA Advanced Diploma",3,"5 years or more, but less than 10 years",51414,Immigrant,,,,,,,
E12000001,North East,3,"Level 3 qualifications: 2 or more A levels or VCEs, 4 or more AS levels, Higher School Certificate, Progression or Advanced Diploma, Welsh Baccalaureate Advance Diploma, NVQ level 3; Advanced GNVQ, City and Guilds Advanced Craft, ONC, OND, BTEC National, RSA Advanced Diploma",3,"5 years or more, but less than 10 years",2678,Immigrant,,,,,,,
E12000002,North West,3,"Level 3 qualifications: 2 or more A levels or VCEs, 4 or more AS levels, Higher School Certificate, Progression or Advanced Diploma, Welsh Baccalaureate Advance Diploma, NVQ level 3; Advanced GNVQ, City and Guilds Advanced Craft, ONC, OND, BTEC National, RSA Advanced Diploma",3,"5 years or more, but less than 10 years",14537,Immigrant,,,,,,,
E12000008,South East,3,"Level 3 qualifications: 2 or more A levels or VCEs, 4 or more AS levels, Higher School Certificate, Progression or Advanced Diploma, Welsh Baccalaureate Advance Diploma, NVQ level 3; Advanced GNVQ, City and Guilds Advanced Craft, ONC, OND, BTEC National, RSA Advanced Diploma",3,"5 years or more, but less than 10 years",24628,Immigrant,,,,,,,
E12000009,South West,3,"Level 3 qualifications: 2 or more A levels or VCEs, 4 or more AS levels, Higher School Certificate, Progression or Advanced Diploma, Welsh Baccalaureate Advance Diploma, NVQ level 3; Advanced GNVQ, City and Guilds Advanced Craft, ONC, OND, BTEC National, RSA Advanced Diploma",3,"5 years or more, but less than 10 years",11588,Immigrant,,,,,,,
W92000004,Wales,3,"Level 3 qualifications: 2 or more A levels or VCEs, 4 or more AS levels, Higher School Certificate, Progression or Advanced Diploma, Welsh Baccalaureate Advance Diploma, NVQ level 3; Advanced GNVQ, City and Guilds Advanced Craft, ONC, OND, BTEC National, RSA Advanced Diploma",3,"5 years or more, but less than 10 years",3705,Immigrant,,,,,,,
E12000005,West Midlands,3,"Level 3 qualifications: 2 or more A levels or VCEs, 4 or more AS levels, Higher School Certificate, Progression or Advanced Diploma, Welsh Baccalaureate Advance Diploma, NVQ level 3; Advanced GNVQ, City and Guilds Advanced Craft, ONC, OND, BTEC National, RSA Advanced Diploma",3,"5 years or more, but less than 10 years",14623,Immigrant,,,,,,,
E12000003,Yorkshire and The Humber,3,"Level 3 qualifications: 2 or more A levels or VCEs, 4 or more AS levels, Higher School Certificate, Progression or Advanced Diploma, Welsh Baccalaureate Advance Diploma, NVQ level 3; Advanced GNVQ, City and Guilds Advanced Craft, ONC, OND, BTEC National, RSA Advanced Diploma",3,"5 years or more, but less than 10 years",9807,Immigrant,,,,,,,
E12000004,East Midlands,3,"Level 3 qualifications: 2 or more A levels or VCEs, 4 or more AS levels, Higher School Certificate, Progression or Advanced Diploma, Welsh Baccalaureate Advance Diploma, NVQ level 3; Advanced GNVQ, City and Guilds Advanced Craft, ONC, OND, BTEC National, RSA Advanced Diploma",4,"2 years or more, but less than 5 years",6737,Immigrant,,,,,,,
E12000006,East of England,3,"Level 3 qualifications: 2 or more A levels or VCEs, 4 or more AS levels, Higher School Certificate, Progression or Advanced Diploma, Welsh Baccalaureate Advance Diploma, NVQ level 3; Advanced GNVQ, City and Guilds Advanced Craft, ONC, OND, BTEC National, RSA Advanced Diploma",4,"2 years or more, but less than 5 years",8718,Immigrant,,,,,,,
E12000007,London,3,"Level 3 qualifications: 2 or more A levels or VCEs, 4 or more AS levels, Higher School Certificate, Progression or Advanced Diploma, Welsh Baccalaureate Advance Diploma, NVQ level 3; Advanced GNVQ, City and Guilds Advanced Craft, ONC, OND, BTEC National, RSA Advanced Diploma",4,"2 years or more, but less than 5 years",32399,Immigrant,,,,,,,
E12000001,North East,3,"Level 3 qualifications: 2 or more A levels or VCEs, 4 or more AS levels, Higher School Certificate, Progression or Advanced Diploma, Welsh Baccalaureate Advance Diploma, NVQ level 3; Advanced GNVQ, City and Guilds Advanced Craft, ONC, OND, BTEC National, RSA Advanced Diploma",4,"2 years or more, but less than 5 years",1938,Immigrant,,,,,,,
E12000002,North West,3,"Level 3 qualifications: 2 or more A levels or VCEs, 4 or more AS levels, Higher School Certificate, Progression or Advanced Diploma, Welsh Baccalaureate Advance Diploma, NVQ level 3; Advanced GNVQ, City and Guilds Advanced Craft, ONC, OND, BTEC National, RSA Advanced Diploma",4,"2 years or more, but less than 5 years",8997,Immigrant,,,,,,,
E12000008,South East,3,"Level 3 qualifications: 2 or more A levels or VCEs, 4 or more AS levels, Higher School Certificate, Progression or Advanced Diploma, Welsh Baccalaureate Advance Diploma, NVQ level 3; Advanced GNVQ, City and Guilds Advanced Craft, ONC, OND, BTEC National, RSA Advanced Diploma",4,"2 years or more, but less than 5 years",14907,Immigrant,,,,,,,
E12000009,South West,3,"Level 3 qualifications: 2 or more A levels or VCEs, 4 or more AS levels, Higher School Certificate, Progression or Advanced Diploma, Welsh Baccalaureate Advance Diploma, NVQ level 3; Advanced GNVQ, City and Guilds Advanced Craft, ONC, OND, BTEC National, RSA Advanced Diploma",4,"2 years or more, but less than 5 years",7220,Immigrant,,,,,,,
W92000004,Wales,3,"Level 3 qualifications: 2 or more A levels or VCEs, 4 or more AS levels, Higher School Certificate, Progression or Advanced Diploma, Welsh Baccalaureate Advance Diploma, NVQ level 3; Advanced GNVQ, City and Guilds Advanced Craft, ONC, OND, BTEC National, RSA Advanced Diploma",4,"2 years or more, but less than 5 years",2470,Immigrant,,,,,,,
E12000005,West Midlands,3,"Level 3 qualifications: 2 or more A levels or VCEs, 4 or more AS levels, Higher School Certificate, Progression or Advanced Diploma, Welsh Baccalaureate Advance Diploma, NVQ level 3; Advanced GNVQ, City and Guilds Advanced Craft, ONC, OND, BTEC National, RSA Advanced Diploma",4,"2 years or more, but less than 5 years",8739,Immigrant,,,,,,,
E12000003,Yorkshire and The Humber,3,"Level 3 qualifications: 2 or more A levels or VCEs, 4 or more AS levels, Higher School Certificate, Progression or Advanced Diploma, Welsh Baccalaureate Advance Diploma, NVQ level 3; Advanced GNVQ, City and Guilds Advanced Craft, ONC, OND, BTEC National, RSA Advanced Diploma",4,"2 years or more, but less than 5 years",5751,Immigrant,,,,,,,
E12000004,East Midlands,3,"Level 3 qualifications: 2 or more A levels or VCEs, 4 or more AS levels, Higher School Certificate, Progression or Advanced Diploma, Welsh Baccalaureate Advance Diploma, NVQ level 3; Advanced GNVQ, City and Guilds Advanced Craft, ONC, OND, BTEC National, RSA Advanced Diploma",5,Less than 2 years,6253,Immigrant,,,,,,,
E12000006,East of England,3,"Level 3 qualifications: 2 or more A levels or VCEs, 4 or more AS levels, Higher School Certificate, Progression or Advanced Diploma, Welsh Baccalaureate Advance Diploma, NVQ level 3; Advanced GNVQ, City and Guilds Advanced Craft, ONC, OND, BTEC National, RSA Advanced Diploma",5,Less than 2 years,7904,Immigrant,,,,,,,
E12000007,London,3,"Level 3 qualifications: 2 or more A levels or VCEs, 4 or more AS levels, Higher School Certificate, Progression or Advanced Diploma, Welsh Baccalaureate Advance Diploma, NVQ level 3; Advanced GNVQ, City and Guilds Advanced Craft, ONC, OND, BTEC National, RSA Advanced Diploma",5,Less than 2 years,29212,Immigrant,,,,,,,
E12000001,North East,3,"Level 3 qualifications: 2 or more A levels or VCEs, 4 or more AS levels, Higher School Certificate, Progression or Advanced Diploma, Welsh Baccalaureate Advance Diploma, NVQ level 3; Advanced GNVQ, City and Guilds Advanced Craft, ONC, OND, BTEC National, RSA Advanced Diploma",5,Less than 2 years,2782,Immigrant,,,,,,,
E12000002,North West,3,"Level 3 qualifications: 2 or more A levels or VCEs, 4 or more AS levels, Higher School Certificate, Progression or Advanced Diploma, Welsh Baccalaureate Advance Diploma, NVQ level 3; Advanced GNVQ, City and Guilds Advanced Craft, ONC, OND, BTEC National, RSA Advanced Diploma",5,Less than 2 years,9453,Immigrant,,,,,,,
E12000008,South East,3,"Level 3 qualifications: 2 or more A levels or VCEs, 4 or more AS levels, Higher School Certificate, Progression or Advanced Diploma, Welsh Baccalaureate Advance Diploma, NVQ level 3; Advanced GNVQ, City and Guilds Advanced Craft, ONC, OND, BTEC National, RSA Advanced Diploma",5,Less than 2 years,14687,Immigrant,,,,,,,
E12000009,South West,3,"Level 3 qualifications: 2 or more A levels or VCEs, 4 or more AS levels, Higher School Certificate, Progression or Advanced Diploma, Welsh Baccalaureate Advance Diploma, NVQ level 3; Advanced GNVQ, City and Guilds Advanced Craft, ONC, OND, BTEC National, RSA Advanced Diploma",5,Less than 2 years,7677,Immigrant,,,,,,,
W92000004,Wales,3,"Level 3 qualifications: 2 or more A levels or VCEs, 4 or more AS levels, Higher School Certificate, Progression or Advanced Diploma, Welsh Baccalaureate Advance Diploma, NVQ level 3; Advanced GNVQ, City and Guilds Advanced Craft, ONC, OND, BTEC National, RSA Advanced Diploma",5,Less than 2 years,2794,Immigrant,,,,,,,
E12000005,West Midlands,3,"Level 3 qualifications: 2 or more A levels or VCEs, 4 or more AS levels, Higher School Certificate, Progression or Advanced Diploma, Welsh Baccalaureate Advance Diploma, NVQ level 3; Advanced GNVQ, City and Guilds Advanced Craft, ONC, OND, BTEC National, RSA Advanced Diploma",5,Less than 2 years,7884,Immigrant,,,,,,,
E12000003,Yorkshire and The Humber,3,"Level 3 qualifications: 2 or more A levels or VCEs, 4 or more AS levels, Higher School Certificate, Progression or Advanced Diploma, Welsh Baccalaureate Advance Diploma, NVQ level 3; Advanced GNVQ, City and Guilds Advanced Craft, ONC, OND, BTEC National, RSA Advanced Diploma",5,Less than 2 years,6059,Immigrant,,,,,,,
E12000004,East Midlands,4,"Level 4 qualifications or above: degree (BA, BSc), higher degree (MA, PhD, PGCE), NVQ level 4 to 5, HNC, HND, RSA Higher Diploma, BTEC Higher level, professional qualifications (for example, teaching, nursing, accountancy)",1,Born in the UK,950637,Uk-Born,,,,,,,
E12000006,East of England,4,"Level 4 qualifications or above: degree (BA, BSc), higher degree (MA, PhD, PGCE), NVQ level 4 to 5, HNC, HND, RSA Higher Diploma, BTEC Higher level, professional qualifications (for example, teaching, nursing, accountancy)",1,Born in the UK,1229583,Uk-Born,,,,,,,
E12000007,London,4,"Level 4 qualifications or above: degree (BA, BSc), higher degree (MA, PhD, PGCE), NVQ level 4 to 5, HNC, HND, RSA Higher Diploma, BTEC Higher level, professional qualifications (for example, teaching, nursing, accountancy)",1,Born in the UK,1685051,Uk-Born,,,,,,,
E12000001,North East,4,"Level 4 qualifications or above: degree (BA, BSc), higher degree (MA, PhD, PGCE), NVQ level 4 to 5, HNC, HND, RSA Higher Diploma, BTEC Higher level, professional qualifications (for example, teaching, nursing, accountancy)",1,Born in the UK,551407,Uk-Born,,,,,,,
E12000002,North West,4,"Level 4 qualifications or above: degree (BA, BSc), higher degree (MA, PhD, PGCE), NVQ level 4 to 5, HNC, HND, RSA Higher Diploma, BTEC Higher level, professional qualifications (for example, teaching, nursing, accountancy)",1,Born in the UK,1586100,Uk-Born,,,,,,,
E12000008,South East,4,"Level 4 qualifications or above: degree (BA, BSc), higher degree (MA, PhD, PGCE), NVQ level 4 to 5, HNC, HND, RSA Higher Diploma, BTEC Higher level, professional qualifications (for example, teaching, nursing, accountancy)",1,Born in the UK,2039948,Uk-Born,,,,,,,
E12000009,South West,4,"Level 4 qualifications or above: degree (BA, BSc), higher degree (MA, PhD, PGCE), NVQ level 4 to 5, HNC, HND, RSA Higher Diploma, BTEC Higher level, professional qualifications (for example, teaching, nursing, accountancy)",1,Born in the UK,1324913,Uk-Born,,,,,,,
W92000004,Wales,4,"Level 4 qualifications or above: degree (BA, BSc), higher degree (MA, PhD, PGCE), NVQ level 4 to 5, HNC, HND, RSA Higher Diploma, BTEC Higher level, professional qualifications (for example, teaching, nursing, accountancy)",1,Born in the UK,722174,Uk-Born,,,,,,,
E12000005,West Midlands,4,"Level 4 qualifications or above: degree (BA, BSc), higher degree (MA, PhD, PGCE), NVQ level 4 to 5, HNC, HND, RSA Higher Diploma, BTEC Higher level, professional qualifications (for example, teaching, nursing, accountancy)",1,Born in the UK,1134066,Uk-Born,,,,,,,
E12000003,Yorkshire and The Humber,4,"Level 4 qualifications or above: degree (BA, BSc), higher degree (MA, PhD, PGCE), NVQ level 4 to 5, HNC, HND, RSA Higher Diploma, BTEC Higher level, professional qualifications (for example, teaching, nursing, accountancy)",1,Born in the UK,1119651,Uk-Born,,,,,,,
E12000004,East Midlands,4,"Level 4 qualifications or above: degree (BA, BSc), higher degree (MA, PhD, PGCE), NVQ level 4 to 5, HNC, HND, RSA Higher Diploma, BTEC Higher level, professional qualifications (for example, teaching, nursing, accountancy)",2,10 years or more,128345,Immigrant,,,,,,,
E12000006,East of England,4,"Level 4 qualifications or above: degree (BA, BSc), higher degree (MA, PhD, PGCE), NVQ level 4 to 5, HNC, HND, RSA Higher Diploma, BTEC Higher level, professional qualifications (for example, teaching, nursing, accountancy)",2,10 years or more,246029,Immigrant,,,,,,,
E12000007,London,4,"Level 4 qualifications or above: degree (BA, BSc), higher degree (MA, PhD, PGCE), NVQ level 4 to 5, HNC, HND, RSA Higher Diploma, BTEC Higher level, professional qualifications (for example, teaching, nursing, accountancy)",2,10 years or more,963778,Immigrant,,,,,,,
E12000001,North East,4,"Level 4 qualifications or above: degree (BA, BSc), higher degree (MA, PhD, PGCE), NVQ level 4 to 5, HNC, HND, RSA Higher Diploma, BTEC Higher level, professional qualifications (for example, teaching, nursing, accountancy)",2,10 years or more,38738,Immigrant,,,,,,,
E12000002,North West,4,"Level 4 qualifications or above: degree (BA, BSc), higher degree (MA, PhD, PGCE), NVQ level 4 to 5, HNC, HND, RSA Higher Diploma, BTEC Higher level, professional qualifications (for example, teaching, nursing, accountancy)",2,10 years or more,168402,Immigrant,,,,,,,
E12000008,South East,4,"Level 4 qualifications or above: degree (BA, BSc), higher degree (MA, PhD, PGCE), NVQ level 4 to 5, HNC, HND, RSA Higher Diploma, BTEC Higher level, professional qualifications (for example, teaching, nursing, accountancy)",2,10 years or more,422314,Immigrant,,,,,,,
E12000009,South West,4,"Level 4 qualifications or above: degree (BA, BSc), higher degree (MA, PhD, PGCE), NVQ level 4 to 5, HNC, HND, RSA Higher Diploma, BTEC Higher level, professional qualifications (for example, teaching, nursing, accountancy)",2,10 years or more,147409,Immigrant,,,,,,,
W92000004,Wales,4,"Level 4 qualifications or above: degree (BA, BSc), higher degree (MA, PhD, PGCE), NVQ level 4 to 5, HNC, HND, RSA Higher Diploma, BTEC Higher level, professional qualifications (for example, teaching, nursing, accountancy)",2,10 years or more,52373,Immigrant,,,,,,,
E12000005,West Midlands,4,"Level 4 qualifications or above: degree (BA, BSc), higher degree (MA, PhD, PGCE), NVQ level 4 to 5, HNC, HND, RSA Higher Diploma, BTEC Higher level, professional qualifications (for example, teaching, nursing, accountancy)",2,10 years or more,167471,Immigrant,,,,,,,
E12000003,Yorkshire and The Humber,4,"Level 4 qualifications or above: degree (BA, BSc), higher degree (MA, PhD, PGCE), NVQ level 4 to 5, HNC, HND, RSA Higher Diploma, BTEC Higher level, professional qualifications (for example, teaching, nursing, accountancy)",2,10 years or more,114547,Immigrant,,,,,,,
E12000004,East Midlands,4,"Level 4 qualifications or above: degree (BA, BSc), higher degree (MA, PhD, PGCE), NVQ level 4 to 5, HNC, HND, RSA Higher Diploma, BTEC Higher level, professional qualifications (for example, teaching, nursing, accountancy)",3,"5 years or more, but less than 10 years",34719,Immigrant,,,,,,,
E12000006,East of England,4,"Level 4 qualifications or above: degree (BA, BSc), higher degree (MA, PhD, PGCE), NVQ level 4 to 5, HNC, HND, RSA Higher Diploma, BTEC Higher level, professional qualifications (for example, teaching, nursing, accountancy)",3,"5 years or more, but less than 10 years",62875,Immigrant,,,,,,,
E12000007,London,4,"Level 4 qualifications or above: degree (BA, BSc), higher degree (MA, PhD, PGCE), NVQ level 4 to 5, HNC, HND, RSA Higher Diploma, BTEC Higher level, professional qualifications (for example, teaching, nursing, accountancy)",3,"5 years or more, but less than 10 years",278594,Immigrant,,,,,,,
E12000001,North East,4,"Level 4 qualifications or above: degree (BA, BSc), higher degree (MA, PhD, PGCE), NVQ level 4 to 5, HNC, HND, RSA Higher Diploma, BTEC Higher level, professional qualifications (for example, teaching, nursing, accountancy)",3,"5 years or more, but less than 10 years",10134,Immigrant,,,,,,,
E12000002,North West,4,"Level 4 qualifications or above: degree (BA, BSc), higher degree (MA, PhD, PGCE), NVQ level 4 to 5, HNC, HND, RSA Higher Diploma, BTEC Higher level, professional qualifications (for example, teaching, nursing, accountancy)",3,"5 years or more, but less than 10 years",48361,Immigrant,,,,,,,
E12000008,South East,4,"Level 4 qualifications or above: degree (BA, BSc), higher degree (MA, PhD, PGCE), NVQ level 4 to 5, HNC, HND, RSA Higher Diploma, BTEC Higher level, professional qualifications (for example, teaching, nursing, accountancy)",3,"5 years or more, but less than 10 years",101874,Immigrant,,,,,,,
E12000009,South West,4,"Level 4 qualifications or above: degree (BA, BSc), higher degree (MA, PhD, PGCE), NVQ level 4 to 5, HNC, HND, RSA Higher Diploma, BTEC Higher level, professional qualifications (for example, teaching, nursing, accountancy)",3,"5 years or more, but less than 10 years",39144,Immigrant,,,,,,,
W92000004,Wales,4,"Level 4 qualifications or above: degree (BA, BSc), higher degree (MA, PhD, PGCE), NVQ level 4 to 5, HNC, HND, RSA Higher Diploma, BTEC Higher level, professional qualifications (for example, teaching, nursing, accountancy)",3,"5 years or more, but less than 10 years",12060,Immigrant,,,,,,,
E12000005,West Midlands,4,"Level 4 qualifications or above: degree (BA, BSc), higher degree (MA, PhD, PGCE), NVQ level 4 to 5, HNC, HND, RSA Higher Diploma, BTEC Higher level, professional qualifications (for example, teaching, nursing, accountancy)",3,"5 years or more, but less than 10 years",45796,Immigrant,,,,,,,
E12000003,Yorkshire and The Humber,4,"Level 4 qualifications or above: degree (BA, BSc), higher degree (MA, PhD, PGCE), NVQ level 4 to 5, HNC, HND, RSA Higher Diploma, BTEC Higher level, professional qualifications (for example, teaching, nursing, accountancy)",3,"5 years or more, but less than 10 years",30650,Immigrant,,,,,,,
E12000004,East Midlands,4,"Level 4 qualifications or above: degree (BA, BSc), higher degree (MA, PhD, PGCE), NVQ level 4 to 5, HNC, HND, RSA Higher Diploma, BTEC Higher level, professional qualifications (for example, teaching, nursing, accountancy)",4,"2 years or more, but less than 5 years",25023,Immigrant,,,,,,,
E12000006,East of England,4,"Level 4 qualifications or above: degree (BA, BSc), higher degree (MA, PhD, PGCE), NVQ level 4 to 5, HNC, HND, RSA Higher Diploma, BTEC Higher level, professional qualifications (for example, teaching, nursing, accountancy)",4,"2 years or more, but less than 5 years",44634,Immigrant,,,,,,,
E12000007,London,4,"Level 4 qualifications or above: degree (BA, BSc), higher degree (MA, PhD, PGCE), NVQ level 4 to 5, HNC, HND, RSA Higher Diploma, BTEC Higher level, professional qualifications (for example, teaching, nursing, accountancy)",4,"2 years or more, but less than 5 years",209377,Immigrant,,,,,,,
E12000001,North East,4,"Level 4 qualifications or above: degree (BA, BSc), higher degree (MA, PhD, PGCE), NVQ level 4 to 5, HNC, HND, RSA Higher Diploma, BTEC Higher level, professional qualifications (for example, teaching, nursing, accountancy)",4,"2 years or more, but less than 5 years",8858,Immigrant,,,,,,,
E12000002,North West,4,"Level 4 qualifications or above: degree (BA, BSc), higher degree (MA, PhD, PGCE), NVQ level 4 to 5, HNC, HND, RSA Higher Diploma, BTEC Higher level, professional qualifications (for example, teaching, nursing, accountancy)",4,"2 years or more, but less than 5 years",36696,Immigrant,,,,,,,
E12000008,South East,4,"Level 4 qualifications or above: degree (BA, BSc), higher degree (MA, PhD, PGCE), NVQ level 4 to 5, HNC, HND, RSA Higher Diploma, BTEC Higher level, professional qualifications (for example, teaching, nursing, accountancy)",4,"2 years or more, but less than 5 years",72134,Immigrant,,,,,,,
E12000009,South West,4,"Level 4 qualifications or above: degree (BA, BSc), higher degree (MA, PhD, PGCE), NVQ level 4 to 5, HNC, HND, RSA Higher Diploma, BTEC Higher level, professional qualifications (for example, teaching, nursing, accountancy)",4,"2 years or more, but less than 5 years",28405,Immigrant,,,,,,,
W92000004,Wales,4,"Level 4 qualifications or above: degree (BA, BSc), higher degree (MA, PhD, PGCE), NVQ level 4 to 5, HNC, HND, RSA Higher Diploma, BTEC Higher level, professional qualifications (for example, teaching, nursing, accountancy)",4,"2 years or more, but less than 5 years",8921,Immigrant,,,,,,,
E12000005,West Midlands,4,"Level 4 qualifications or above: degree (BA, BSc), higher degree (MA, PhD, PGCE), NVQ level 4 to 5, HNC, HND, RSA Higher Diploma, BTEC Higher level, professional qualifications (for example, teaching, nursing, accountancy)",4,"2 years or more, but less than 5 years",33736,Immigrant,,,,,,,
E12000003,Yorkshire and The Humber,4,"Level 4 qualifications or above: degree (BA, BSc), higher degree (MA, PhD, PGCE), NVQ level 4 to 5, HNC, HND, RSA Higher Diploma, BTEC Higher level, professional qualifications (for example, teaching, nursing, accountancy)",4,"2 years or more, but less than 5 years",22948,Immigrant,,,,,,,
E12000004,East Midlands,4,"Level 4 qualifications or above: degree (BA, BSc), higher degree (MA, PhD, PGCE), NVQ level 4 to 5, HNC, HND, RSA Higher Diploma, BTEC Higher level, professional qualifications (for example, teaching, nursing, accountancy)",5,Less than 2 years,25060,Immigrant,,,,,,,
E12000006,East of England,4,"Level 4 qualifications or above: degree (BA, BSc), higher degree (MA, PhD, PGCE), NVQ level 4 to 5, HNC, HND, RSA Higher Diploma, BTEC Higher level, professional qualifications (for example, teaching, nursing, accountancy)",5,Less than 2 years,42255,Immigrant,,,,,,,
E12000007,London,4,"Level 4 qualifications or above: degree (BA, BSc), higher degree (MA, PhD, PGCE), NVQ level 4 to 5, HNC, HND, RSA Higher Diploma, BTEC Higher level, professional qualifications (for example, teaching, nursing, accountancy)",5,Less than 2 years,180029,Immigrant,,,,,,,
E12000001,North East,4,"Level 4 qualifications or above: degree (BA, BSc), higher degree (MA, PhD, PGCE), NVQ level 4 to 5, HNC, HND, RSA Higher Diploma, BTEC Higher level, professional qualifications (for example, teaching, nursing, accountancy)",5,Less than 2 years,13282,Immigrant,,,,,,,
E12000002,North West,4,"Level 4 qualifications or above: degree (BA, BSc), higher degree (MA, PhD, PGCE), NVQ level 4 to 5, HNC, HND, RSA Higher Diploma, BTEC Higher level, professional qualifications (for example, teaching, nursing, accountancy)",5,Less than 2 years,40490,Immigrant,,,,,,,
E12000008,South East,4,"Level 4 qualifications or above: degree (BA, BSc), higher degree (MA, PhD, PGCE), NVQ level 4 to 5, HNC, HND, RSA Higher Diploma, BTEC Higher level, professional qualifications (for example, teaching, nursing, accountancy)",5,Less than 2 years,65778,Immigrant,,,,,,,
E12000009,South West,4,"Level 4 qualifications or above: degree (BA, BSc), higher degree (MA, PhD, PGCE), NVQ level 4 to 5, HNC, HND, RSA Higher Diploma, BTEC Higher level, professional qualifications (for example, teaching, nursing, accountancy)",5,Less than 2 years,26901,Immigrant,,,,,,,
W92000004,Wales,4,"Level 4 qualifications or above: degree (BA, BSc), higher degree (MA, PhD, PGCE), NVQ level 4 to 5, HNC, HND, RSA Higher Diploma, BTEC Higher level, professional qualifications (for example, teaching, nursing, accountancy)",5,Less than 2 years,11242,Immigrant,,,,,,,
E12000005,West Midlands,4,"Level 4 qualifications or above: degree (BA, BSc), higher degree (MA, PhD, PGCE), NVQ level 4 to 5, HNC, HND, RSA Higher Diploma, BTEC Higher level, professional qualifications (for example, teaching, nursing, accountancy)",5,Less than 2 years,32654,Immigrant,,,,,,,
E12000003,Yorkshire and The Humber,4,"Level 4 qualifications or above: degree (BA, BSc), higher degree (MA, PhD, PGCE), NVQ level 4 to 5, HNC, HND, RSA Higher Diploma, BTEC Higher level, professional qualifications (for example, teaching, nursing, accountancy)",5,Less than 2 years,27660,Immigrant,,,,,,,
E12000004,East Midlands,0,No qualifications,1,Born in the UK,628725,Uk-Born,,,,,,,
E12000006,East of England,0,No qualifications,1,Born in the UK,771933,Uk-Born,,,,,,,
E12000007,London,0,No qualifications,1,Born in the UK,502558,Uk-Born,,,,,,,
E12000001,North East,0,No qualifications,1,Born in the UK,410314,Uk-Born,,,,,,,
E12000002,North West,0,No qualifications,1,Born in the UK,984175,Uk-Born,,,,,,,
E12000008,South East,0,No qualifications,1,Born in the UK,959459,Uk-Born,,,,,,,
E12000009,South West,0,No qualifications,1,Born in the UK,663263,Uk-Born,,,,,,,
W92000004,Wales,0,No qualifications,1,Born in the UK,470877,Uk-Born,,,,,,,
E12000005,West Midlands,0,No qualifications,1,Born in the UK,787763,Uk-Born,,,,,,,
E12000003,Yorkshire and The Humber,0,No qualifications,1,Born in the UK,764742,Uk-Born,,,,,,,
E12000004,East Midlands,0,No qualifications,2,10 years or more,86945,Immigrant,,,,,,,
E12000006,East of England,0,No qualifications,2,10 years or more,94208,Immigrant,,,,,,,
E12000007,London,0,No qualifications,2,10 years or more,436919,Immigrant,,,,,,,
E12000001,North East,0,No qualifications,2,10 years or more,18582,Immigrant,,,,,,,
E12000002,North West,0,No qualifications,2,10 years or more,115487,Immigrant,,,,,,,
E12000008,South East,0,No qualifications,2,10 years or more,124967,Immigrant,,,,,,,
E12000009,South West,0,No qualifications,2,10 years or more,45467,Immigrant,,,,,,,
W92000004,Wales,0,No qualifications,2,10 years or more,24321,Immigrant,,,,,,,
E12000005,West Midlands,0,No qualifications,2,10 years or more,150222,Immigrant,,,,,,,
E12000003,Yorkshire and The Humber,0,No qualifications,2,10 years or more,97890,Immigrant,,,,,,,
E12000004,East Midlands,0,No qualifications,3,"5 years or more, but less than 10 years",26761,Immigrant,,,,,,,
E12000006,East of England,0,No qualifications,3,"5 years or more, but less than 10 years",26514,Immigrant,,,,,,,
E12000007,London,0,No qualifications,3,"5 years or more, but less than 10 years",89231,Immigrant,,,,,,,
E12000001,North East,0,No qualifications,3,"5 years or more, but less than 10 years",4757,Immigrant,,,,,,,
E12000002,North West,0,No qualifications,3,"5 years or more, but less than 10 years",28265,Immigrant,,,,,,,
E12000008,South East,0,No qualifications,3,"5 years or more, but less than 10 years",32470,Immigrant,,,,,,,
E12000009,South West,0,No qualifications,3,"5 years or more, but less than 10 years",13517,Immigrant,,,,,,,
W92000004,Wales,0,No qualifications,3,"5 years or more, but less than 10 years",5872,Immigrant,,,,,,,
E12000005,West Midlands,0,No qualifications,3,"5 years or more, but less than 10 years",31267,Immigrant,,,,,,,
E12000003,Yorkshire and The Humber,0,No qualifications,3,"5 years or more, but less than 10 years",23274,Immigrant,,,,,,,
E12000004,East Midlands,0,No qualifications,4,"2 years or more, but less than 5 years",20697,Immigrant,,,,,,,
E12000006,East of England,0,No qualifications,4,"2 years or more, but less than 5 years",21812,Immigrant,,,,,,,
E12000007,London,0,No qualifications,4,"2 years or more, but less than 5 years",70177,Immigrant,,,,,,,
E12000001,North East,0,No qualifications,4,"2 years or more, but less than 5 years",4675,Immigrant,,,,,,,
E12000002,North West,0,No qualifications,4,"2 years or more, but less than 5 years",25417,Immigrant,,,,,,,
E12000008,South East,0,No qualifications,4,"2 years or more, but less than 5 years",25522,Immigrant,,,,,,,
E12000009,South West,0,No qualifications,4,"2 years or more, but less than 5 years",10640,Immigrant,,,,,,,
W92000004,Wales,0,No qualifications,4,"2 years or more, but less than 5 years",4799,Immigrant,,,,,,,
E12000005,West Midlands,0,No qualifications,4,"2 years or more, but less than 5 years",26160,Immigrant,,,,,,,
E12000003,Yorkshire and The Humber,0,No qualifications,4,"2 years or more, but less than 5 years",18290,Immigrant,,,,,,,
E12000004,East Midlands,0,No qualifications,5,Less than 2 years,15778,Immigrant,,,,,,,
E12000006,East of England,0,No qualifications,5,Less than 2 years,17745,Immigrant,,,,,,,
E12000007,London,0,No qualifications,5,Less than 2 years,52365,Immigrant,,,,,,,
E12000001,North East,0,No qualifications,5,Less than 2 years,4051,Immigrant,,,,,,,
E12000002,North West,0,No qualifications,5,Less than 2 years,21355,Immigrant,,,,,,,
E12000008,South East,0,No qualifications,5,Less than 2 years,19801,Immigrant,,,,,,,
E12000009,South West,0,No qualifications,5,Less than 2 years,8297,Immigrant,,,,,,,
W92000004,Wales,0,No qualifications,5,Less than 2 years,3813,Immigrant,,,,,,,
E12000005,West Midlands,0,No qualifications,5,Less than 2 years,19887,Immigrant,,,,,,,
E12000003,Yorkshire and The Humber,0,No qualifications,5,Less than 2 years,15444,Immigrant,,,,,,,
E12000004,East Midlands,5,"Other: apprenticeships, vocational or work-related qualifications, other qualifications achieved in England or Wales, qualifications achieved outside England or Wales (equivalent not stated or unknown)",1,Born in the UK,287607,Uk-Born,,,,,,,
E12000006,East of England,5,"Other: apprenticeships, vocational or work-related qualifications, other qualifications achieved in England or Wales, qualifications achieved outside England or Wales (equivalent not stated or unknown)",1,Born in the UK,351149,Uk-Born,,,,,,,
E12000007,London,5,"Other: apprenticeships, vocational or work-related qualifications, other qualifications achieved in England or Wales, qualifications achieved outside England or Wales (equivalent not stated or unknown)",1,Born in the UK,181197,Uk-Born,,,,,,,
E12000001,North East,5,"Other: apprenticeships, vocational or work-related qualifications, other qualifications achieved in England or Wales, qualifications achieved outside England or Wales (equivalent not stated or unknown)",1,Born in the UK,185736,Uk-Born,,,,,,,
E12000002,North West,5,"Other: apprenticeships, vocational or work-related qualifications, other qualifications achieved in England or Wales, qualifications achieved outside England or Wales (equivalent not stated or unknown)",1,Born in the UK,432639,Uk-Born,,,,,,,
E12000008,South East,5,"Other: apprenticeships, vocational or work-related qualifications, other qualifications achieved in England or Wales, qualifications achieved outside England or Wales (equivalent not stated or unknown)",1,Born in the UK,477124,Uk-Born,,,,,,,
E12000009,South West,5,"Other: apprenticeships, vocational or work-related qualifications, other qualifications achieved in England or Wales, qualifications achieved outside England or Wales (equivalent not stated or unknown)",1,Born in the UK,356211,Uk-Born,,,,,,,
W92000004,Wales,5,"Other: apprenticeships, vocational or work-related qualifications, other qualifications achieved in England or Wales, qualifications achieved outside England or Wales (equivalent not stated or unknown)",1,Born in the UK,190519,Uk-Born,,,,,,,
E12000005,West Midlands,5,"Other: apprenticeships, vocational or work-related qualifications, other qualifications achieved in England or Wales, qualifications achieved outside England or Wales (equivalent not stated or unknown)",1,Born in the UK,313039,Uk-Born,,,,,,,
E12000003,Yorkshire and The Humber,5,"Other: apprenticeships, vocational or work-related qualifications, other qualifications achieved in England or Wales, qualifications achieved outside England or Wales (equivalent not stated or unknown)",1,Born in the UK,334313,Uk-Born,,,,,,,
E12000004,East Midlands,5,"Other: apprenticeships, vocational or work-related qualifications, other qualifications achieved in England or Wales, qualifications achieved outside England or Wales (equivalent not stated or unknown)",2,10 years or more,33472,Immigrant,,,,,,,
E12000006,East of England,5,"Other: apprenticeships, vocational or work-related qualifications, other qualifications achieved in England or Wales, qualifications achieved outside England or Wales (equivalent not stated or unknown)",2,10 years or more,43562,Immigrant,,,,,,,
E12000007,London,5,"Other: apprenticeships, vocational or work-related qualifications, other qualifications achieved in England or Wales, qualifications achieved outside England or Wales (equivalent not stated or unknown)",2,10 years or more,149343,Immigrant,,,,,,,
E12000001,North East,5,"Other: apprenticeships, vocational or work-related qualifications, other qualifications achieved in England or Wales, qualifications achieved outside England or Wales (equivalent not stated or unknown)",2,10 years or more,7060,Immigrant,,,,,,,
E12000002,North West,5,"Other: apprenticeships, vocational or work-related qualifications, other qualifications achieved in England or Wales, qualifications achieved outside England or Wales (equivalent not stated or unknown)",2,10 years or more,36773,Immigrant,,,,,,,
E12000008,South East,5,"Other: apprenticeships, vocational or work-related qualifications, other qualifications achieved in England or Wales, qualifications achieved outside England or Wales (equivalent not stated or unknown)",2,10 years or more,63395,Immigrant,,,,,,,
E12000009,South West,5,"Other: apprenticeships, vocational or work-related qualifications, other qualifications achieved in England or Wales, qualifications achieved outside England or Wales (equivalent not stated or unknown)",2,10 years or more,27220,Immigrant,,,,,,,
W92000004,Wales,5,"Other: apprenticeships, vocational or work-related qualifications, other qualifications achieved in England or Wales, qualifications achieved outside England or Wales (equivalent not stated or unknown)",2,10 years or more,11583,Immigrant,,,,,,,
E12000005,West Midlands,5,"Other: apprenticeships, vocational or work-related qualifications, other qualifications achieved in England or Wales, qualifications achieved outside England or Wales (equivalent not stated or unknown)",2,10 years or more,42047,Immigrant,,,,,,,
E12000003,Yorkshire and The Humber,5,"Other: apprenticeships, vocational or work-related qualifications, other qualifications achieved in England or Wales, qualifications achieved outside England or Wales (equivalent not stated or unknown)",2,10 years or more,29563,Immigrant,,,,,,,
E12000004,East Midlands,5,"Other: apprenticeships, vocational or work-related qualifications, other qualifications achieved in England or Wales, qualifications achieved outside England or Wales (equivalent not stated or unknown)",3,"5 years or more, but less than 10 years",14821,Immigrant,,,,,,,
E12000006,East of England,5,"Other: apprenticeships, vocational or work-related qualifications, other qualifications achieved in England or Wales, qualifications achieved outside England or Wales (equivalent not stated or unknown)",3,"5 years or more, but less than 10 years",16038,Immigrant,,,,,,,
E12000007,London,5,"Other: apprenticeships, vocational or work-related qualifications, other qualifications achieved in England or Wales, qualifications achieved outside England or Wales (equivalent not stated or unknown)",3,"5 years or more, but less than 10 years",47605,Immigrant,,,,,,,
E12000001,North East,5,"Other: apprenticeships, vocational or work-related qualifications, other qualifications achieved in England or Wales, qualifications achieved outside England or Wales (equivalent not stated or unknown)",3,"5 years or more, but less than 10 years",2237,Immigrant,,,,,,,
E12000002,North West,5,"Other: apprenticeships, vocational or work-related qualifications, other qualifications achieved in England or Wales, qualifications achieved outside England or Wales (equivalent not stated or unknown)",3,"5 years or more, but less than 10 years",15148,Immigrant,,,,,,,
E12000008,South East,5,"Other: apprenticeships, vocational or work-related qualifications, other qualifications achieved in England or Wales, qualifications achieved outside England or Wales (equivalent not stated or unknown)",3,"5 years or more, but less than 10 years",21529,Immigrant,,,,,,,
E12000009,South West,5,"Other: apprenticeships, vocational or work-related qualifications, other qualifications achieved in England or Wales, qualifications achieved outside England or Wales (equivalent not stated or unknown)",3,"5 years or more, but less than 10 years",9899,Immigrant,,,,,,,
W92000004,Wales,5,"Other: apprenticeships, vocational or work-related qualifications, other qualifications achieved in England or Wales, qualifications achieved outside England or Wales (equivalent not stated or unknown)",3,"5 years or more, but less than 10 years",4189,Immigrant,,,,,,,
E12000005,West Midlands,5,"Other: apprenticeships, vocational or work-related qualifications, other qualifications achieved in England or Wales, qualifications achieved outside England or Wales (equivalent not stated or unknown)",3,"5 years or more, but less than 10 years",16014,Immigrant,,,,,,,
E12000003,Yorkshire and The Humber,5,"Other: apprenticeships, vocational or work-related qualifications, other qualifications achieved in England or Wales, qualifications achieved outside England or Wales (equivalent not stated or unknown)",3,"5 years or more, but less than 10 years",12345,Immigrant,,,,,,,
E12000004,East Midlands,5,"Other: apprenticeships, vocational or work-related qualifications, other qualifications achieved in England or Wales, qualifications achieved outside England or Wales (equivalent not stated or unknown)",4,"2 years or more, but less than 5 years",9703,Immigrant,,,,,,,
E12000006,East of England,5,"Other: apprenticeships, vocational or work-related qualifications, other qualifications achieved in England or Wales, qualifications achieved outside England or Wales (equivalent not stated or unknown)",4,"2 years or more, but less than 5 years",10830,Immigrant,,,,,,,
E12000007,London,5,"Other: apprenticeships, vocational or work-related qualifications, other qualifications achieved in England or Wales, qualifications achieved outside England or Wales (equivalent not stated or unknown)",4,"2 years or more, but less than 5 years",37775,Immigrant,,,,,,,
E12000001,North East,5,"Other: apprenticeships, vocational or work-related qualifications, other qualifications achieved in England or Wales, qualifications achieved outside England or Wales (equivalent not stated or unknown)",4,"2 years or more, but less than 5 years",1977,Immigrant,,,,,,,
E12000002,North West,5,"Other: apprenticeships, vocational or work-related qualifications, other qualifications achieved in England or Wales, qualifications achieved outside England or Wales (equivalent not stated or unknown)",4,"2 years or more, but less than 5 years",11740,Immigrant,,,,,,,
E12000008,South East,5,"Other: apprenticeships, vocational or work-related qualifications, other qualifications achieved in England or Wales, qualifications achieved outside England or Wales (equivalent not stated or unknown)",4,"2 years or more, but less than 5 years",15887,Immigrant,,,,,,,
E12000009,South West,5,"Other: apprenticeships, vocational or work-related qualifications, other qualifications achieved in England or Wales, qualifications achieved outside England or Wales (equivalent not stated or unknown)",4,"2 years or more, but less than 5 years",7457,Immigrant,,,,,,,
W92000004,Wales,5,"Other: apprenticeships, vocational or work-related qualifications, other qualifications achieved in England or Wales, qualifications achieved outside England or Wales (equivalent not stated or unknown)",4,"2 years or more, but less than 5 years",2941,Immigrant,,,,,,,
E12000005,West Midlands,5,"Other: apprenticeships, vocational or work-related qualifications, other qualifications achieved in England or Wales, qualifications achieved outside England or Wales (equivalent not stated or unknown)",4,"2 years or more, but less than 5 years",11738,Immigrant,,,,,,,
E12000003,Yorkshire and The Humber,5,"Other: apprenticeships, vocational or work-related qualifications, other qualifications achieved in England or Wales, qualifications achieved outside England or Wales (equivalent not stated or unknown)",4,"2 years or more, but less than 5 years",8367,Immigrant,,,,,,,
E12000004,East Midlands,5,"Other: apprenticeships, vocational or work-related qualifications, other qualifications achieved in England or Wales, qualifications achieved outside England or Wales (equivalent not stated or unknown)",5,Less than 2 years,7251,Immigrant,,,,,,,
E12000006,East of England,5,"Other: apprenticeships, vocational or work-related qualifications, other qualifications achieved in England or Wales, qualifications achieved outside England or Wales (equivalent not stated or unknown)",5,Less than 2 years,8367,Immigrant,,,,,,,
E12000007,London,5,"Other: apprenticeships, vocational or work-related qualifications, other qualifications achieved in England or Wales, qualifications achieved outside England or Wales (equivalent not stated or unknown)",5,Less than 2 years,29324,Immigrant,,,,,,,
E12000001,North East,5,"Other: apprenticeships, vocational or work-related qualifications, other qualifications achieved in England or Wales, qualifications achieved outside England or Wales (equivalent not stated or unknown)",5,Less than 2 years,2167,Immigrant,,,,,,,
E12000002,North West,5,"Other: apprenticeships, vocational or work-related qualifications, other qualifications achieved in England or Wales, qualifications achieved outside England or Wales (equivalent not stated or unknown)",5,Less than 2 years,10422,Immigrant,,,,,,,
E12000008,South East,5,"Other: apprenticeships, vocational or work-related qualifications, other qualifications achieved in England or Wales, qualifications achieved outside England or Wales (equivalent not stated or unknown)",5,Less than 2 years,12902,Immigrant,,,,,,,
E12000009,South West,5,"Other: apprenticeships, vocational or work-related qualifications, other qualifications achieved in England or Wales, qualifications achieved outside England or Wales (equivalent not stated or unknown)",5,Less than 2 years,6239,Immigrant,,,,,,,
W92000004,Wales,5,"Other: apprenticeships, vocational or work-related qualifications, other qualifications achieved in England or Wales, qualifications achieved outside England or Wales (equivalent not stated or unknown)",5,Less than 2 years,2692,Immigrant,,,,,,,
E12000005,West Midlands,5,"Other: apprenticeships, vocational or work-related qualifications, other qualifications achieved in England or Wales, qualifications achieved outside England or Wales (equivalent not stated or unknown)",5,Less than 2 years,9087,Immigrant,,,,,,,
E12000003,Yorkshire and The Humber,5,"Other: apprenticeships, vocational or work-related qualifications, other qualifications achieved in England or Wales, qualifications achieved outside England or Wales (equivalent not stated or unknown)",5,Less than 2 years,7083,Immigrant,,,,,,,
,,350,,1050,,59597530,,,,,,,,